UID,WID,Understand,attempt,,,,,,,,,,,,,,,,,,,,,,,,,,,,,,,
30914025,22,4,1,0,13648,3641.94,0.266848,2556.54,2978,10670,1626,245,5185,1303,817,425,7,0,0,11,7,0,0,0,7,0,0,0,1,0,0,3,1,1816
30914025,32,4,1,0,21408,3575.9,0.167036,3051.21,4168,17240,7212,723,9453,2561,1105,87,9,0,0,21,12,0,0,0,9,0,0,0,1,0,4,2,0,1943
30914025,45,3,1,0,82151,11684.1,0.142227,7823.71,5319,76832,25994,5320,62754,27334,1697,520,11,0,0,38,44,0,2,2,7,0,1,1,1,4,9,9,5,5024
30914025,46,4,1,0,38177,4072.9,0.106685,3595.75,9379,28798,17799,4422,19183,5976,3977,409,8,0,0,7,10,0,0,0,8,0,0,0,1,0,11,3,0,1280
30914025,54,3,1,0,50307,10249.8,0.203745,9285.3,10134,40173,15187,900,27650,12939,1989,538,11,1,1,35,23,1,1,5,4,1,1,1,1,7,9,6,9,1176
30914025,58,2,1,0,91679,9502.1,0.103645,8501.79,9104,82575,46491,17950,60781,30894,4171,496,12,1,1,32,26,0,1,4,7,0,1,1,1,5,20,5,4,6670
30914025,59,3,1,0,44012,5951.24,0.135218,5099.97,7479,36533,16225,2302,27163,16679,1178,512,7,0,0,21,18,0,0,0,7,0,0,0,1,0,10,2,0,4055
30914025,60,4,1,0,49636,9681.93,0.195059,4929.92,4052,45584,13755,890,24651,10287,1153,529,9,1,1,27,26,0,1,2,6,0,1,1,1,3,6,2,4,13655
30914025,61,4,1,0,55626,9222.05,0.165787,7693.43,5338,50288,13928,1327,33535,5591,2200,375,12,1,1,32,30,0,1,4,7,0,1,1,1,5,4,3,5,6166
30914025,67,3,1,0,35459,6146.82,0.17335,5618.84,11370,24089,10419,889,14720,8302,1155,420,8,1,1,24,14,0,1,4,3,0,1,1,1,5,7,2,3,3648
30914025,68,4,1,0,31412,4233,0.134757,3816.94,3852,27560,8494,672,20332,8767,1177,424,9,0,0,19,18,0,0,0,9,0,0,0,1,0,3,6,0,1007
30914025,76,2,1,0,133931,16232.6,0.121201,14557.2,5172,128759,45472,6310,101866,15447,6457,96,21,2,1,56,47,1,4,10,6,1,1,1,1,15,22,7,11,1328
30914025,89,3,1,0,54776,9736.32,0.177748,6407.77,4824,49952,16620,3817,32238,10774,2378,393,13,1,1,23,28,1,1,3,8,1,1,1,1,5,3,10,5,4471
30914025,92,4,1,0,93209,12246.1,0.131384,10650.7,6627,86582,32418,4152,56340,16278,4346,472,18,0,0,48,43,1,4,4,9,1,1,1,1,9,18,9,12,11231
30914025,99,4,1,0,42940,9053.35,0.210837,5991.2,7748,35192,9831,1886,21428,12295,800,401,14,0,0,36,25,0,1,1,12,0,1,1,1,2,3,6,3,5767
30914025,127,2,1,0,73915,13199.7,0.17858,12798.5,17145,56770,18183,2517,39722,17333,1729,513,14,1,1,42,43,0,1,7,6,0,1,1,1,8,7,6,6,3632
30914025,129,4,1,0,27814,5555.18,0.199726,5110.01,6614,21200,9584,1903,12831,6520,2296,409,9,0,0,14,15,0,0,0,9,0,0,0,1,0,3,1,2,1111
30914025,138,4,1,0,47073,11151.4,0.236895,10233.5,6471,40602,14908,2231,24000,5546,1465,528,13,3,1,28,29,1,3,9,0,1,1,1,0,13,7,4,1,5039
30914025,139,4,1,0,61290,11474.4,0.187215,9608.47,4823,56467,23888,2283,25462,7656,6835,410,13,1,1,30,26,0,1,2,10,0,1,1,1,3,15,7,8,13926
30914025,141,2,1,0,62823,11335.7,0.180439,8267.04,3104,59719,28870,8370,43015,20167,944,113,11,4,1,30,34,0,2,5,4,0,1,1,1,7,13,4,3,10052
30914025,143,4,1,0,37736,7381.55,0.19561,6786.63,16463,21273,10732,2668,11388,2295,1265,433,10,2,1,29,19,1,2,7,0,1,1,1,0,10,5,2,5,1631
30914025,147,2,1,0,132838,15239.6,0.114723,13215.9,26407,106431,53883,14172,86949,46449,8532,625,10,2,1,53,41,0,1,7,2,0,1,1,1,8,32,5,5,1661
30914025,160,2,1,0,121078,16377.5,0.135264,14988.6,6273,114805,45726,4840,91934,24741,1770,522,14,2,1,55,51,0,1,7,6,0,1,1,1,8,30,6,6,9711
30914025,161,3,1,0,159072,22357.9,0.140552,19627.1,7680,151392,63142,4424,122513,36554,2256,754,13,1,1,69,53,0,2,6,5,0,1,1,1,8,46,8,7,10926
30914025,162,2,1,0,145303,15015.7,0.103341,14314.1,3576,141727,61559,7496,106319,17079,5112,512,25,1,1,64,58,0,4,7,14,0,1,1,1,11,42,11,18,3799
30914025,176,2,1,0,60096,9139.83,0.152087,8473.42,4856,55240,26069,5799,43649,9806,1793,520,11,1,1,32,28,1,1,7,2,1,1,1,1,9,7,3,4,1927
30914025,181,2,1,0,133063,14117.3,0.106095,13345.1,10232,122831,60429,4040,97164,31259,5560,481,15,1,1,59,34,1,1,6,7,1,1,1,1,8,33,8,8,3726
30914025,184,2,1,0,61146,7213.93,0.117979,6008.57,8970,52176,23221,2996,38171,24551,4088,418,10,0,0,27,26,0,0,0,10,0,0,0,1,0,14,3,2,2264
30914025,186,2,1,0,72816,10190.7,0.139951,9661.59,3752,69064,31026,7396,54575,12760,2009,96,13,1,1,34,30,0,3,4,6,0,1,1,1,7,19,5,5,4199
30914025,191,2,1,0,54631,8584.79,0.157141,7184.28,10001,44630,17980,1588,27663,8128,2369,465,11,1,1,30,29,0,2,6,3,0,1,1,1,8,15,8,6,6015
30914026,22,4,1,0,22041,3346.27,0.15182,1412.18,2392,19649,7023,5114,6072,1719,946,434,7,0,0,12,9,0,0,0,7,0,0,0,1,0,1,1,3,9240
30914026,32,3,1,0,31155,3284.45,0.105423,2795.91,2827,28328,15289,5989,14106,4968,1330,584,8,0,0,7,5,0,0,0,8,0,0,0,1,0,3,3,0,6927
30914026,45,4,1,0,52216,7149.47,0.136921,6686.4,2720,49496,17943,6797,30214,8895,3257,409,10,1,1,23,14,0,1,3,6,0,1,1,1,4,9,5,2,9343
30914026,46,3,1,0,57760,6044.17,0.104643,5566.1,2595,55165,20590,3119,38286,17378,888,432,8,0,0,24,14,0,0,0,8,0,0,0,1,0,13,5,2,11087
30914026,54,4,1,0,21776,4541.5,0.208555,4067.22,3761,18015,6130,2475,6085,1039,1140,452,9,0,0,11,8,0,0,0,9,0,0,0,1,0,2,2,1,4503
30914026,58,1,1,0,99223,10654,0.107374,8804.06,3655,95568,25696,2162,52657,26383,6089,391,14,1,1,33,32,0,1,4,9,0,1,1,1,5,24,9,9,22207
30914026,59,4,1,0,26465,3408.35,0.128787,2907.89,2129,24336,8543,3036,14485,8288,1496,466,7,0,0,11,5,0,0,0,7,0,0,0,1,0,10,1,0,4920
30914026,60,4,1,0,39286,3917.24,0.0997108,3457.52,3814,35472,22101,9046,16196,7040,4250,313,8,0,0,15,11,0,0,0,8,0,0,0,1,0,14,1,0,9920
30914026,61,2,1,0,86651,7559.79,0.0872441,6633.03,5276,81375,23400,5485,59577,15639,4609,361,13,1,1,22,16,0,2,5,6,0,1,1,1,7,13,8,7,5455
30914026,67,4,1,0,35849,5277.14,0.147205,3611.99,6296,29553,6995,1233,13373,4911,1145,410,8,1,1,12,10,0,1,3,4,0,1,1,1,4,3,2,1,10088
30914026,68,3,1,0,36104,4703.98,0.13029,3519.45,3599,32505,8315,2478,15867,9088,1169,443,9,0,0,14,15,0,0,0,9,0,0,0,1,0,5,7,2,10439
30914026,76,2,1,0,77129,10898.6,0.141304,8527.25,6889,70240,16728,4321,59553,18616,1144,408,13,2,1,27,22,0,5,7,1,0,1,1,1,12,6,9,3,791
30914026,89,4,1,0,60214,6024.73,0.100055,5734.37,11277,48937,23237,4156,28693,8669,2146,442,13,0,0,21,16,0,0,0,13,0,0,0,1,0,14,4,0,8527
30914026,92,4,1,0,40911,4438.65,0.108495,2998.62,5192,35719,14143,5533,23906,15320,1082,347,10,0,0,16,13,0,0,0,10,0,0,0,1,0,6,2,3,5263
30914026,99,2,1,0,168675,11428,0.0677516,10553.2,6804,161871,82046,13317,119448,17142,8969,288,21,0,0,28,28,0,2,2,17,0,1,1,1,4,28,12,10,4079
30914026,127,2,1,0,162126,14470.3,0.0892533,12293.4,13458,148668,72313,18376,107782,37175,3927,465,15,2,1,38,37,0,2,9,4,0,1,1,1,11,40,5,11,24182
30914026,129,3,1,0,91776,8403.29,0.0915631,6405.23,7209,84567,53475,27535,34758,15983,913,465,10,1,1,16,14,0,0,0,10,0,0,0,1,0,11,5,4,43495
30914026,138,3,1,0,51192,4797.03,0.0937066,3594.44,2344,48848,13070,2254,19200,8751,3314,375,10,0,0,13,11,0,0,0,10,0,0,0,1,0,8,8,1,20118
30914026,139,1,1,0,84795,10662.1,0.12574,9313.81,5312,79483,13673,4023,56913,16458,1440,384,15,3,1,32,28,0,3,8,4,0,1,1,1,11,6,7,2,11687
30914026,141,2,1,0,78273,7050.31,0.0900733,6566.84,13738,64535,24888,4757,43871,15588,4432,361,13,1,1,20,20,0,3,4,6,0,1,1,1,7,16,4,3,5446
30914026,143,3,1,0,21581,3665.46,0.169847,3094.54,3317,18264,1211,304,5592,1182,672,103,8,0,0,13,11,0,0,0,8,0,0,0,1,0,0,5,1,9407
30914026,147,2,1,0,124496,12700.3,0.102014,11707.5,9121,115375,46688,10623,85775,17520,8176,569,15,1,1,31,21,1,2,6,6,1,1,1,1,9,23,11,7,1871
30914026,160,2,1,0,105129,14743.1,0.140238,13161.7,2914,102215,41867,5203,89525,31156,1441,428,16,1,1,38,31,1,2,10,3,1,1,1,1,13,28,9,6,934
30914026,161,2,1,0,260414,31621.2,0.121427,28314.2,12839,247575,75105,6654,171864,31762,4618,320,34,2,1,80,75,2,8,13,11,1,1,1,1,23,42,13,17,36073
30914026,162,4,1,0,13505,2745.38,0.203286,1993.75,2496,11009,1992,476,4449,1296,992,403,7,0,0,9,5,0,0,0,7,0,0,0,1,0,0,3,0,2574
30914026,176,3,1,0,32757,4511.62,0.13773,3954.44,3461,29296,11449,1608,18049,3967,1411,457,9,0,0,12,10,0,0,0,9,0,0,0,1,0,9,2,0,4782
30914026,181,2,1,0,50812,8575.24,0.168764,8072,3747,47065,12218,1651,25876,4878,1282,498,13,1,1,29,23,0,3,4,6,0,1,1,1,7,9,8,3,10807
30914026,184,2,1,0,140962,11052.4,0.0784072,9825,3212,137750,55504,8791,103077,23886,8106,393,25,0,0,41,36,3,4,4,14,1,1,1,1,11,20,8,6,967
30914026,186,3,1,0,65537,6333.89,0.096646,5009.81,9065,56472,22076,4184,32718,11440,3412,442,10,0,0,14,14,0,0,0,10,0,0,0,1,0,17,4,6,11373
30914026,191,3,1,0,21008,3532.32,0.168142,2808.89,3041,17967,2165,373,12307,7932,673,492,8,0,0,11,7,0,0,0,8,0,0,0,1,0,0,3,0,950
30914904,22,4,1,0,12548,3740.52,0.298097,3143.3,2951,9597,2126,265,4820,1341,689,353,7,0,0,14,12,0,0,0,7,0,0,0,1,0,0,1,3,1396
30914904,32,4,1,0,16738,3308.5,0.197664,2652.87,3802,12936,3977,519,6150,1638,970,409,8,1,1,10,9,0,0,0,8,0,0,0,1,0,1,4,4,1303
30914904,45,4,1,0,21061,3848.32,0.182723,3060.68,4188,16873,5020,1121,8279,1807,1993,321,9,0,0,9,12,0,0,0,9,0,0,0,1,0,2,5,3,1207
30914904,46,4,1,0,31153,4798.48,0.154029,2883.48,1795,29358,5782,1384,22749,10915,1199,328,10,0,0,11,17,0,0,0,10,0,0,0,1,0,5,5,0,0
30914904,54,4,1,0,75071,13546.7,0.180452,12105.9,11650,63421,18007,1552,49318,16383,2191,113,20,1,1,46,48,3,4,1,12,1,1,1,1,8,7,4,8,1488
30914904,58,2,1,0,48420,7990.22,0.165019,7617.67,4804,43616,12163,2906,34758,16744,1012,417,9,0,0,27,18,0,0,0,9,0,0,0,1,0,11,3,1,3375
30914904,59,4,1,0,30400,5525.64,0.181764,4804.18,6145,24255,6688,1023,11697,3557,2681,362,9,0,0,15,7,0,0,0,9,0,0,0,1,0,4,5,6,4079
30914904,60,4,1,0,36522,6008.58,0.16452,5427.58,4914,31608,11431,1848,17361,6471,6930,378,10,0,0,24,17,0,0,0,10,0,0,0,1,0,10,8,8,1135
30914904,61,4,1,0,29678,5375.38,0.181123,4718.7,2934,26744,6912,702,17021,6248,1217,432,10,0,0,18,20,0,0,0,10,0,0,0,1,0,2,3,3,1671
30914904,67,4,1,0,38814,9616.37,0.247755,9016.46,9472,29342,11735,2058,19458,6118,1849,417,9,0,0,28,21,0,0,0,9,0,0,0,1,0,8,3,3,2007
30914904,68,4,1,0,29942,6057.98,0.202324,4782.08,5766,24176,5888,806,12571,5063,1297,318,10,0,0,20,16,0,0,0,10,0,0,0,1,0,2,6,0,5695
30914904,76,2,1,0,90935,10039,0.110397,9396.72,7761,83174,20550,5163,62167,19637,9586,376,15,0,0,45,30,0,1,1,13,0,1,1,1,2,11,13,8,1767
30914904,89,4,1,0,22704,6354.36,0.279878,4630.54,6407,16297,4515,624,9585,3390,810,370,10,0,0,14,11,0,0,0,10,0,0,0,1,0,2,4,4,1806
30914904,92,4,1,0,60047,9033.13,0.150434,8014.13,3240,56807,11906,2248,42565,14463,4371,330,14,0,0,35,20,0,0,0,14,0,0,0,1,0,6,3,9,1935
30914904,99,4,1,0,22768,4815.26,0.211492,1553.11,8167,14601,2891,1373,4325,733,641,290,8,0,0,10,10,0,0,0,8,0,0,0,1,0,1,3,5,6832
30914904,127,4,1,0,47769,7703.74,0.161271,6257.54,21656,26113,14143,2312,15214,3615,1586,449,11,0,0,25,16,0,0,0,11,0,0,0,1,0,12,3,2,2937
30914904,129,4,1,0,31929,4763.05,0.149176,1800.23,7976,23953,8957,1992,13391,3679,2504,482,8,1,1,18,14,0,0,0,8,0,0,0,1,0,5,7,4,1414
30914904,138,2,1,0,45040,8042.01,0.178553,7181.02,5031,40009,15274,2518,27628,6902,4127,362,12,0,0,19,18,0,0,0,12,0,0,0,1,0,13,7,1,1287
30914904,139,2,1,0,49806,8273.19,0.166108,7787.08,5462,44344,14405,993,26659,3734,3497,304,18,0,0,27,21,0,0,0,18,0,0,0,1,0,9,6,4,2743
30914904,141,2,1,0,90552,9167.04,0.101235,8121.88,4121,86431,32978,3619,61286,16917,2747,576,13,0,0,32,23,0,0,0,13,0,0,0,1,0,19,6,3,10503
30914904,143,4,1,0,12031,3415.29,0.283874,2934.04,2703,9328,1536,224,5154,1356,678,395,7,0,0,9,7,0,0,0,7,0,0,0,1,0,0,2,2,679
30914904,147,3,1,0,50163,8997.96,0.179374,7559,7298,42865,14521,4454,23846,6888,2816,401,11,0,0,29,16,0,0,0,11,0,0,0,1,0,6,3,3,10855
30914904,160,3,1,0,56159,7837.3,0.139556,6976.78,1624,54535,17784,3864,29082,8639,7314,356,12,0,0,24,17,0,0,0,12,0,0,0,1,0,9,5,7,7207
30914904,161,2,1,0,109385,10919.2,0.0998237,10621.3,7650,101735,49548,13517,45045,19637,22386,439,14,0,0,24,25,0,1,1,12,0,1,1,1,2,42,10,5,20934
30914904,162,4,1,0,26458,4424.41,0.167224,2787.51,2673,23785,9058,1262,12893,4062,1961,316,10,0,0,18,11,0,0,1,9,0,0,1,1,1,2,6,4,2913
30914904,176,4,1,0,34600,5626.41,0.162613,4802.89,4320,30280,8549,965,12505,3160,10249,361,11,0,0,14,11,0,0,0,11,0,0,0,1,0,7,8,5,952
30914904,181,4,1,0,15431,3850.83,0.249552,1163.77,3143,12288,3640,1112,7341,3512,592,402,9,0,0,12,8,0,0,0,9,0,0,0,1,0,1,6,8,752
30914904,184,4,1,0,35382,5109.52,0.14441,4471.99,4046,31336,10411,1620,17813,4070,1962,368,11,0,0,21,17,0,0,0,11,0,0,0,1,0,5,4,1,4231
30914904,186,4,1,0,52274,9454.88,0.180872,8809.91,16931,35343,11423,954,23966,5821,2104,434,12,0,0,29,21,0,0,0,12,0,0,0,1,0,3,5,3,1735
30914904,191,4,1,0,32363,6078.2,0.187813,2934.08,4947,27416,10267,4368,19223,8264,1172,326,11,0,0,20,13,0,0,0,11,0,0,0,1,0,3,3,4,1191
60910014,22,4,1,0,13446,3114.37,0.231621,2584.32,1798,11648,2953,257,4835,1038,970,504,7,0,0,6,11,0,0,0,7,0,0,0,1,0,0,1,0,1832
60910014,32,3,1,0,22745,3568.55,0.156894,3034.97,1304,21441,9632,4143,14939,8584,945,497,8,0,0,14,6,0,0,0,8,0,0,0,1,0,6,2,3,1071
60910014,45,2,1,0,33278,5605.17,0.168435,4715.9,2454,30824,7540,599,19814,5152,1187,617,11,0,0,15,13,0,1,1,9,0,1,1,1,2,3,5,1,1182
60910014,46,4,1,0,24740,3286.16,0.132828,2377,1711,23029,7110,1480,16555,5200,1040,529,7,0,0,9,8,0,0,0,7,0,0,0,1,0,3,4,0,1206
60910014,54,4,1,0,19849,4747.68,0.23919,4330.22,2025,17824,3993,378,8713,2007,1114,633,9,0,0,13,11,0,0,0,9,0,0,0,1,0,0,3,1,1999
60910014,58,4,1,0,29744,4520.46,0.151979,2578.28,10904,18840,7433,1292,11010,3590,1337,450,9,0,0,11,10,0,0,0,9,0,0,0,1,0,3,4,0,871
60910014,59,2,1,0,50064,4493,0.0897452,3947.48,4122,45942,19640,4438,33744,18231,2825,761,8,0,0,12,9,0,0,0,8,0,0,0,1,0,12,3,1,1079
60910014,60,4,1,0,26153,3500.96,0.133864,3072.21,5009,21144,6710,2097,14510,7967,1177,505,8,0,0,14,6,0,0,0,8,0,0,0,1,0,3,3,2,910
60910014,61,3,1,0,31867,5121.79,0.160724,4740.15,12107,19760,10754,2063,8302,1752,1770,497,9,0,0,19,10,0,0,0,9,0,0,0,1,0,8,5,0,2807
60910014,67,4,1,0,12766,2959.89,0.231857,2490.36,2109,10657,1834,254,4986,1191,865,505,7,0,0,15,5,0,0,0,7,0,0,0,1,0,0,0,1,1119
60910014,68,4,1,0,19385,3887.64,0.200549,3390.29,3200,16185,4015,404,8453,1735,1089,522,9,0,0,11,8,0,0,0,9,0,0,0,1,0,0,7,0,1334
60910014,76,2,1,0,61051,4478.23,0.0733522,3781.34,12907,48144,23358,6075,26931,11846,2601,562,8,0,0,15,10,0,0,0,8,0,0,0,1,0,24,3,0,12247
60910014,89,2,1,0,65670,8867.1,0.135025,8519.82,23678,41992,21450,5040,29127,10221,2226,641,13,0,0,26,22,0,0,0,13,0,0,0,1,0,15,6,7,871
60910014,92,4,1,0,23401,4281.52,0.182963,3584.03,3850,19551,6283,1120,11373,3951,1551,529,9,0,0,14,6,0,0,0,9,0,0,0,1,0,5,4,1,888
60910014,99,4,1,0,26738,3843.55,0.143748,3339.04,13385,13353,8184,2119,5869,1047,1065,608,8,0,0,15,10,0,0,0,8,0,0,0,1,0,2,4,0,1152
60910014,127,2,1,0,89158,10740.4,0.120464,10425.6,29758,59400,25275,1400,41372,7726,2203,745,14,2,1,33,20,2,1,7,4,1,1,1,1,10,21,6,3,1368
60910014,129,4,1,0,24583,5317.49,0.216307,3134.22,5742,18841,6264,1514,9516,1870,1514,441,10,0,0,17,11,0,0,0,10,0,0,0,1,0,4,7,4,822
60910014,138,4,1,0,25267,3658.92,0.14481,3239.88,2586,22681,8431,1590,14121,4512,1857,530,9,0,0,8,8,0,0,0,9,0,0,0,1,0,9,3,0,1095
60910014,139,2,1,0,51538,6989.96,0.135627,6570.04,9610,41928,17551,3110,29485,8111,1961,475,12,0,0,13,12,0,0,0,12,0,0,0,1,0,9,2,0,1054
60910014,141,3,1,0,32019,5233.07,0.163437,4188.73,7585,24434,7357,760,14511,2703,1089,91,15,6,1,18,23,0,0,0,15,0,0,0,1,0,2,7,4,784
60910014,143,4,1,0,12762,2688.38,0.210655,1124.28,2865,9897,1999,264,4963,1148,746,436,7,0,0,11,11,0,0,0,7,0,0,0,1,0,0,2,2,960
60910014,147,2,1,0,83833,9162,0.109289,7858.22,13849,69984,25648,4767,52768,25711,2681,610,15,0,0,29,21,0,5,5,5,0,1,1,1,10,24,2,5,1192
60910014,160,3,1,0,39156,4812.08,0.122895,4124.5,5318,33838,15358,3415,20780,6735,2992,610,11,0,0,16,7,0,0,0,11,0,0,0,1,0,6,5,0,1112
60910014,161,2,1,0,80080,10405.8,0.129943,8788.67,10520,69560,25894,4183,52114,11317,2633,563,15,1,1,28,24,2,1,6,6,1,1,1,1,9,15,2,3,847
60910014,162,4,1,0,18513,2823.49,0.152514,2092.06,4712,13801,3395,330,8492,3639,985,436,7,0,0,4,6,0,0,0,7,0,0,0,1,0,0,1,0,1165
60910014,176,2,1,0,73803,7162.89,0.0970542,6361.38,3156,70647,27886,5485,52941,13071,2337,569,11,0,0,21,17,0,0,0,11,0,0,0,1,0,16,5,4,4734
60910014,181,4,1,0,42784,6234.33,0.145716,5739.2,3160,39624,11622,1231,30063,11671,1177,409,11,0,0,15,13,0,0,0,11,0,0,0,1,0,6,7,2,1023
60910014,184,2,1,0,22985,4293.87,0.186812,3819.74,2393,20592,5518,641,13728,5079,1034,425,9,0,0,9,9,0,0,0,9,0,0,0,1,0,2,4,1,1191
60910014,186,4,1,0,27594,4931.94,0.178732,4639.51,7162,20432,8235,1294,12441,6217,897,651,9,0,0,17,11,0,0,0,9,0,0,0,1,0,5,4,1,895
60910014,191,4,1,0,17458,3174.23,0.181821,2722.61,2594,14864,3597,336,7170,1376,1273,592,8,0,0,13,9,0,0,0,8,0,0,0,1,0,0,4,0,991
60910020,22,4,1,0,14354,3682.13,0.256523,3080.13,2474,11880,3235,566,4523,863,921,592,7,0,0,10,7,0,0,0,7,0,0,0,1,0,1,1,0,2105
60910020,32,4,1,0,17912,3626.12,0.202441,2631.16,2728,15184,4647,696,7113,2119,1024,665,8,0,0,13,9,0,0,0,8,0,0,0,1,0,3,3,0,1856
60910020,45,4,1,0,29728,4928.63,0.165791,3930.04,3360,26368,7025,685,14821,5838,993,642,9,0,0,24,7,0,0,0,9,0,0,0,1,0,4,3,0,4304
60910020,46,4,1,0,33815,4024.18,0.119006,3373.3,8584,25231,7731,943,14552,8248,1217,713,7,0,0,12,5,0,0,0,7,0,0,0,1,0,4,2,2,4312
60910020,54,4,1,0,19617,4785.33,0.243938,4226.41,4169,15448,4875,946,6852,1141,1311,601,9,0,0,13,12,0,0,0,9,0,0,0,1,0,1,2,2,1360
60910020,58,3,1,0,65520,8624.51,0.131632,8276.84,1432,64088,11688,3339,46551,13343,1921,689,15,0,0,15,18,0,5,5,5,0,1,1,1,10,6,3,5,2734
60910020,59,4,1,0,43456,4467.99,0.102816,3904.12,1080,42376,15569,6857,33743,20703,2288,441,8,0,0,16,5,0,0,0,8,0,0,0,1,0,5,4,2,1152
60910020,60,4,1,0,32064,4522.81,0.141056,3727.18,1072,30992,10473,4504,18377,9222,5130,538,9,0,0,13,14,0,0,0,9,0,0,0,1,0,3,2,1,799
60910020,61,4,1,0,18544,4433.95,0.239105,3365.72,736,17808,4457,790,6900,1597,1043,545,9,0,0,10,11,0,0,0,9,0,0,0,1,0,1,3,3,3663
60910020,67,4,1,0,18727,2977.5,0.158995,2448.41,5408,13319,6679,1802,5363,1638,1000,545,7,0,0,14,9,0,0,0,7,0,0,0,1,0,11,1,1,2692
60910020,68,4,1,0,23424,3789.51,0.161779,3396.47,2536,20888,6311,1391,7011,1248,1449,624,9,0,0,11,10,0,0,0,9,0,0,0,1,0,2,7,1,4918
60910020,76,3,1,0,77080,7993.14,0.103699,7565.56,1265,75815,14833,4270,47446,17622,3233,521,12,0,0,17,14,0,0,0,12,0,0,0,1,0,4,7,4,11519
60910020,89,4,1,0,84703,10406.6,0.12286,7929.41,3143,81560,23172,2400,38029,22358,2009,673,10,0,0,31,17,0,0,0,10,0,0,0,1,0,14,5,2,30695
60910020,92,4,1,0,28089,4923.69,0.175289,4540.69,6283,21806,6679,1358,11669,2863,2105,577,9,0,0,16,13,0,0,0,9,0,0,0,1,0,5,1,1,1015
60910020,99,4,1,0,37287,5034.48,0.13502,4182.68,1408,35879,6386,1945,21460,7087,1945,457,10,0,0,20,10,0,0,0,10,0,0,0,1,0,4,7,4,5774
60910020,127,3,1,0,145105,15302.8,0.10546,14684.2,3377,141728,61275,20479,113079,50669,3681,745,21,0,0,37,31,0,10,10,1,0,1,1,1,20,14,2,6,3857
60910020,129,4,1,0,29673,3825.91,0.128936,3476.03,1040,28633,5689,2949,17546,9414,1017,652,9,0,0,12,7,0,0,0,9,0,0,0,1,0,1,4,0,3831
60910020,138,4,1,0,32992,4312.34,0.130709,3508.62,1856,31136,11353,5126,18146,6023,1571,497,9,0,0,12,9,0,0,0,9,0,0,0,1,0,5,5,1,5038
60910020,139,4,1,0,40169,5926.25,0.147533,5631.16,1096,39073,23516,10478,27672,12415,2569,458,12,0,0,15,9,0,0,0,12,0,0,0,1,0,4,4,1,1271
60910020,141,3,1,0,44089,4925.38,0.111715,4359.15,4216,39873,14242,6117,28809,10959,1161,593,9,0,0,12,9,0,0,0,9,0,0,0,1,0,6,2,0,3199
60910020,143,4,1,0,17776,3045.8,0.171343,1964.82,1239,16537,2275,390,10522,7295,1153,521,7,0,0,11,8,0,0,0,7,0,0,0,1,0,0,1,0,1424
60910020,147,4,1,0,67976,7187.21,0.105732,6828.35,10424,57552,27311,9373,40157,13224,1480,618,13,0,0,19,19,0,3,3,7,0,1,1,1,6,6,5,5,5031
60910020,160,4,1,0,85857,7293.81,0.084953,6953.21,1459,84398,27351,8382,63672,17327,2041,689,12,0,0,15,7,0,0,0,12,0,0,0,1,0,10,4,1,6079
60910020,161,4,1,0,37056,6326.3,0.170723,5856.15,728,36328,9946,2062,22402,11184,1201,425,13,0,0,20,13,0,0,0,13,0,0,0,1,0,5,3,3,3950
60910020,162,4,1,0,20393,2871.8,0.140823,2340.4,968,19425,7846,3015,13323,10264,777,513,7,0,0,13,8,0,0,0,7,0,0,0,1,0,3,2,0,1527
60910020,176,3,1,0,121127,18999.9,0.15686,18593.3,1224,119903,30354,4043,88417,35414,3392,489,31,0,0,52,36,1,9,9,12,1,1,1,1,19,11,11,9,1287
60910020,181,4,1,0,55480,5863.47,0.105686,5089.8,1192,54288,28138,14600,23692,8288,6560,705,10,0,0,18,13,0,0,0,10,0,0,0,1,0,6,5,8,15846
60910020,184,4,1,0,32608,6682.99,0.204949,5805.1,975,31633,10916,1720,19015,4136,2657,600,10,0,0,23,10,0,0,0,10,0,0,0,1,0,5,3,0,2815
60910020,186,4,1,0,29360,5853.33,0.199364,5544.87,1752,27608,9351,2230,18369,6399,1601,665,9,0,0,15,8,0,0,0,9,0,0,0,1,0,4,2,3,991
60910020,191,4,1,0,22136,3686.43,0.166535,3247.76,5416,16720,4702,798,7902,2031,1097,601,8,0,0,10,11,0,0,0,8,0,0,0,1,0,3,2,0,1487
60910022,22,4,1,0,14626,3850.34,0.263253,2732.68,4291,10335,3245,785,6020,1855,817,384,7,0,0,11,9,0,0,0,7,0,0,0,1,0,1,1,1,832
60910022,32,4,1,0,26465,4079.6,0.154151,3079.85,3872,22593,7971,809,9119,1943,1508,152,11,4,1,19,21,0,0,0,11,0,0,0,1,0,2,7,3,3224
60910022,45,2,1,0,27124,4621.88,0.170398,2869.91,5828,21296,8177,1248,12023,3839,642,282,9,0,0,17,17,0,0,0,9,0,0,0,1,0,9,5,0,5167
60910022,46,3,1,0,20588,3955.96,0.192149,2178.31,4739,15849,5848,615,9273,3647,1169,376,9,0,0,11,11,0,0,0,9,0,0,0,1,0,1,4,1,1095
60910022,54,3,1,0,58647,12287.3,0.209513,11099.3,12908,45739,17162,4481,22943,2711,1768,264,23,0,0,52,38,2,3,3,15,1,1,1,1,8,10,15,10,4904
60910022,58,2,1,0,44988,7080.46,0.157386,4881.94,3091,41897,16992,3304,31183,14455,1681,235,10,0,0,28,13,0,0,0,10,0,0,0,1,0,18,6,4,3926
60910022,59,2,1,0,23381,5373.11,0.229807,4605.45,6118,17263,6991,753,10878,3360,1225,234,9,0,0,18,12,0,0,0,9,0,0,0,1,0,4,2,2,1888
60910022,60,2,1,0,77974,6891.1,0.0883769,5688.05,3918,74056,18630,2256,61285,28960,2426,289,14,0,0,25,24,0,0,0,14,0,0,0,1,0,28,7,8,1846
60910022,61,4,1,0,27916,7335.61,0.262774,6887.18,8891,19025,7475,2232,14400,5823,650,266,8,1,1,26,22,0,0,0,8,0,0,0,1,0,7,2,1,1135
60910022,67,3,1,0,35709,8208.63,0.229876,4970.73,4809,30900,11626,2557,14591,8711,666,314,8,0,0,23,19,0,0,0,8,0,0,0,1,0,7,5,3,12486
60910022,68,3,1,0,23389,4398,0.188037,3979.22,3941,19448,5863,919,9653,2256,2762,401,9,0,0,14,12,0,0,0,9,0,0,0,1,0,3,5,3,1646
60910022,76,2,1,0,75093,11217.1,0.149376,10212.7,8076,67017,22358,2472,49422,12600,1978,304,13,2,1,43,29,1,1,1,10,1,1,1,1,3,24,13,8,7567
60910022,89,2,1,0,52855,7314.12,0.138381,3698.54,15509,37346,26020,6971,21342,10231,882,290,10,0,0,26,16,0,0,0,10,0,0,0,1,0,20,6,1,10905
60910022,92,4,1,0,22369,5159.73,0.230664,2825.34,6323,16046,4956,464,9663,2951,609,281,9,0,0,23,13,0,0,0,9,0,0,0,1,0,0,2,0,2525
60910022,99,2,1,0,54266,7661.13,0.141177,5675.95,4562,49704,22486,4347,32890,6783,1655,57,19,8,1,33,24,0,0,0,19,0,0,0,1,0,22,8,7,7076
60910022,127,2,1,0,71154,8461.99,0.118925,6826.89,13443,57711,29144,4056,38075,9392,1064,426,13,0,0,23,19,0,0,0,13,0,0,0,1,0,20,8,2,10708
60910022,129,2,1,0,43315,6775.67,0.156428,3092.92,4387,38928,11993,1728,29568,12503,2137,395,11,0,0,25,19,0,0,0,11,0,0,0,1,0,8,6,3,942
60910022,138,4,1,0,29824,5524.94,0.185252,4360.38,2048,27776,9321,2248,18366,7232,1824,307,11,0,0,22,20,0,0,0,11,0,0,0,1,0,5,5,4,1791
60910022,139,2,1,0,42029,7703.69,0.183295,4191.33,8148,33881,14723,1328,22060,7597,2290,347,14,0,0,22,20,0,0,0,14,0,0,0,1,0,12,8,8,598
60910022,141,2,1,0,29917,5589.17,0.186823,4521.04,4122,25795,11956,4357,20044,10647,873,355,9,0,0,21,15,0,0,0,9,0,0,0,1,0,11,3,0,941
60910022,143,4,1,0,18472,3497.27,0.189328,1142.39,3336,15136,4459,1328,10107,4080,1138,282,8,0,0,13,9,0,0,0,8,0,0,0,1,0,4,3,5,757
60910022,147,2,1,0,81857,13866.7,0.169402,13025.3,11680,70177,36975,6008,50484,11558,4053,362,20,0,0,31,30,0,8,8,4,0,1,1,1,16,28,5,0,2876
60910022,160,2,1,0,77944,10835.5,0.139016,9188.59,2434,75510,24294,3578,59757,17272,2313,355,15,0,0,26,21,0,0,0,15,0,0,0,1,0,20,9,6,1200
60910022,161,2,1,0,138968,12492.9,0.0898977,10827.5,9033,129935,45915,6288,107221,31206,3322,234,20,1,1,49,29,1,2,1,16,1,1,1,1,4,23,9,8,2135
60910022,162,4,1,0,18230,3645.31,0.199962,2940.91,3813,14417,2600,424,8770,3680,945,168,8,0,0,13,10,0,0,0,8,0,0,0,1,0,0,3,1,1895
60910022,176,2,1,0,53118,6909.03,0.13007,5946.71,3404,49714,22086,3368,29194,15006,3346,321,13,0,0,27,20,0,0,0,13,0,0,0,1,0,18,4,7,9209
60910022,181,2,1,0,32436,5794.59,0.178647,780.334,3660,28776,8936,2244,18146,5805,818,331,9,0,0,21,17,0,0,0,9,0,0,0,1,0,6,3,2,5815
60910022,184,2,1,0,33178,5292.49,0.159518,4063.62,3331,29847,10892,2611,19468,4494,1050,337,9,0,0,20,19,0,0,0,9,0,0,0,1,0,10,6,2,5166
60910022,186,2,1,0,34539,8172.95,0.23663,2817.56,5835,28704,10745,2742,20776,6295,1255,226,13,0,0,26,21,0,2,3,8,0,1,1,1,5,6,6,3,1077
60910022,191,3,1,0,58366,7441.42,0.127496,6235,4686,53680,24285,4678,41951,11959,1328,514,13,0,0,32,13,0,1,1,11,0,1,1,1,2,26,6,9,1567
60910037,22,4,1,0,19481,3357.07,0.172325,2849.94,3338,16143,7140,2312,6600,1551,1130,521,7,0,0,12,6,0,0,0,7,0,0,0,1,0,4,2,0,4512
60910037,32,3,1,0,24595,3242.02,0.131816,2068.87,2843,21752,7940,2085,10770,3664,1097,476,8,0,0,10,9,0,0,0,8,0,0,0,1,0,3,3,1,4863
60910037,45,2,1,0,55881,3997.34,0.0715331,2437.35,2960,52921,31016,11384,42121,18838,1368,304,11,0,0,15,9,0,0,0,11,0,0,0,1,0,24,7,2,3217
60910037,46,4,1,0,15725,3196.85,0.203297,2654.12,3317,12408,3267,433,6447,1544,977,472,7,0,0,6,8,0,0,0,7,0,0,0,1,0,0,6,2,1407
60910037,54,2,1,0,29626,4461.16,0.150582,3531.73,9304,20322,12310,1842,11723,3319,746,474,9,0,0,10,7,0,0,0,9,0,0,0,1,0,8,1,0,2824
60910037,58,2,1,0,102465,6373.2,0.0621988,5480.45,7216,95249,49682,17583,76470,35582,1962,406,10,0,0,19,11,0,0,0,10,0,0,0,1,0,37,1,3,10215
60910037,59,2,1,0,108729,6653.77,0.061196,5386.27,12196,96533,68178,46005,88047,51407,1352,472,10,2,1,23,16,1,2,4,3,1,1,1,1,7,16,7,1,1105
60910037,60,2,1,0,42185,5634.74,0.133572,5210.59,17761,24424,24601,9856,15812,2783,1385,409,11,0,0,8,12,2,1,1,7,1,1,1,1,4,8,1,2,808
60910037,61,2,1,0,90865,8834.32,0.0972247,8424.69,18272,72593,32207,4016,60844,32088,1074,609,14,2,1,31,26,3,2,6,3,1,1,1,1,11,24,7,3,767
60910037,67,2,1,0,43071,5971.49,0.138643,4810.46,9952,33119,15233,3220,16459,6278,2129,433,11,1,1,15,14,2,1,4,4,1,1,1,1,7,10,7,3,4847
60910037,68,2,1,0,64371,6476.97,0.100619,5904.6,5310,59061,38260,16592,47510,18438,1136,522,12,1,1,17,9,0,1,2,9,0,1,1,1,3,14,7,1,1790
60910037,76,2,1,0,47436,7203.89,0.151866,5096.2,7732,39704,16100,2318,29738,6319,992,390,13,1,1,15,12,0,3,4,6,0,1,1,1,7,9,3,4,1000
60910037,89,2,1,0,143863,13429.2,0.0933474,12836.4,1441,142422,81674,9216,124555,37911,1705,505,18,3,1,39,40,0,3,7,8,0,1,1,1,10,37,7,5,3414
60910037,92,3,1,0,42123,4803.98,0.114047,4401.09,6804,35319,14743,1719,25148,8343,746,402,9,0,0,15,12,0,0,0,9,0,0,0,1,0,14,2,1,5216
60910037,99,2,1,0,63677,5994.45,0.0941384,4908.88,7600,56077,29389,6330,47098,19252,1072,333,11,1,1,16,17,2,1,2,6,1,1,1,1,5,18,2,1,2231
60910037,127,2,1,0,157332,7757.05,0.0493037,5412.2,3041,154291,87687,37934,140903,55655,1184,587,14,1,1,24,23,2,1,9,2,1,1,1,1,12,21,10,3,1317
60910037,129,2,1,0,52208,5336.51,0.102216,4036.6,9696,42512,32302,6093,31163,10703,1233,480,10,1,1,13,10,0,1,3,6,0,1,1,1,4,21,5,1,3623
60910037,138,2,1,0,41228,3824.34,0.0927607,3429.97,5396,35832,28547,21270,29754,22327,873,361,9,0,0,12,13,0,0,0,9,0,0,0,1,0,5,4,0,848
60910037,139,2,1,0,166228,17237.2,0.103696,16994.7,7775,158453,83236,13753,132739,18999,4059,393,24,9,1,50,59,0,7,9,8,0,1,1,1,16,60,7,3,1270
60910037,141,2,1,0,62432,6599.88,0.105713,6162.43,22376,40056,39685,20200,28825,16304,1499,400,11,2,1,18,10,0,2,6,3,0,1,1,1,8,8,6,1,2614
60910037,143,2,1,0,16128,3027.84,0.187738,2565.65,4376,11752,4116,582,5196,1392,1042,370,7,0,0,5,2,0,0,0,7,0,0,0,1,0,2,4,0,2319
60910037,147,2,1,0,167808,6285.34,0.0374555,5549.83,34785,133023,84846,44033,120864,75111,1401,231,13,1,1,19,17,0,1,5,7,0,1,1,1,6,16,5,4,2774
60910037,160,2,1,0,130912,9494.22,0.0725237,9234.75,5827,125085,58758,7922,111525,41303,1665,602,13,2,1,23,16,0,2,4,7,0,1,1,1,6,48,6,4,680
60910037,161,2,1,0,90186,8669.88,0.0961333,7469.23,8079,82107,39614,7135,69256,16897,1800,338,16,1,1,24,18,0,1,5,10,0,1,1,1,6,27,9,4,0
60910037,162,2,1,0,103001,5274.94,0.0512125,4692.55,13690,89311,52281,23041,80657,55223,1137,256,11,1,1,19,18,1,1,2,7,1,1,1,1,4,40,3,1,1327
60910037,176,2,1,0,76344,6176.92,0.080909,5661.51,2248,74096,40867,6832,56361,14207,1588,415,11,1,1,22,17,0,1,2,8,0,1,1,1,3,20,5,1,9391
60910037,181,2,1,0,61764,7140.65,0.115612,6667.18,3652,58112,21818,5031,43931,13320,1200,344,11,1,1,23,19,0,2,3,6,0,1,1,1,5,17,4,2,6439
60910037,184,2,1,0,62658,5437.92,0.0867873,3965.03,3803,58855,37095,10238,45519,20749,1329,434,10,1,1,13,9,0,1,2,7,0,1,1,1,3,15,6,0,4895
60910037,186,2,1,0,55856,6938.15,0.124215,6624.61,16888,38968,21499,8688,30506,8648,976,352,12,0,0,9,15,0,3,3,6,0,1,1,1,6,10,4,1,847
60910037,191,3,1,0,16602,3674.31,0.221317,3210.9,2297,14305,4932,809,7726,2223,1169,402,8,0,0,6,11,0,0,0,8,0,0,0,1,0,4,4,0,1151
60910044,22,4,1,0,12361,3251.29,0.263028,2194.29,3609,8752,1387,288,3826,935,729,401,7,0,0,13,7,0,0,0,7,0,0,0,1,0,0,0,1,1087
60910044,32,4,1,0,28444,3430.64,0.12061,2855.66,9644,18800,8968,1406,11645,6720,1033,682,7,1,1,13,10,0,0,0,7,0,0,0,1,0,7,3,0,1327
60910044,45,3,1,0,56574,5672.23,0.100262,4179.38,5134,51440,29986,6704,40187,13566,1905,138,10,0,0,14,16,0,0,0,10,0,0,0,1,0,30,5,1,1167
60910044,46,3,1,0,48235,5455.07,0.113094,4262.65,2062,46173,22728,5821,31729,8276,2921,368,11,1,1,16,18,1,1,4,5,1,1,1,1,6,18,6,6,2952
60910044,54,3,1,0,65913,8741.25,0.132618,7736.9,7562,58351,29446,7044,38177,15503,3634,897,11,2,1,22,21,0,2,9,0,0,1,1,0,11,21,6,4,5471
60910044,58,3,1,0,69846,7720.92,0.110542,7328.39,4166,65680,28651,3830,51321,11832,3736,384,12,1,1,27,24,0,1,3,8,0,1,1,1,4,16,5,2,879
60910044,59,3,1,0,51000,3825.03,0.0750005,3153.45,5905,45095,26480,6057,20286,8343,9049,792,7,0,0,14,8,0,0,0,7,0,0,0,1,0,18,2,1,8223
60910044,60,3,1,0,34408,3699.72,0.107525,1945.07,9664,24744,11437,2426,12157,5495,2857,792,6,1,1,12,8,0,0,0,6,0,0,0,1,0,9,1,2,3095
60910044,61,3,1,0,49343,7830.95,0.158704,7411.73,6304,43039,16764,2448,28012,7031,2136,722,11,2,1,19,18,0,2,8,1,0,1,1,1,10,17,6,4,1550
60910044,67,3,1,0,38404,5034.71,0.131099,3594.46,8724,29680,16559,3375,15976,4935,1537,833,8,1,1,14,14,0,1,4,3,0,1,1,1,5,9,2,2,4944
60910044,68,3,1,0,35371,3943.74,0.111496,3459.64,5222,30149,10872,3432,19049,7639,2257,400,9,0,0,9,9,0,0,0,9,0,0,0,1,0,4,6,1,2526
60910044,76,2,1,0,36318,4230.25,0.116478,3760.85,7174,29144,11452,4153,17011,11528,3368,250,8,0,0,12,7,0,0,0,8,0,0,0,1,0,13,1,0,758
60910044,89,2,1,0,158689,12194,0.0768424,10900,7537,151152,81984,10983,118482,29391,8946,381,16,2,1,37,27,0,0,1,15,0,0,1,1,1,60,8,6,1028
60910044,92,3,1,0,37849,5554.64,0.146758,4570.16,4985,32864,12824,4687,13270,3854,5305,568,9,0,0,14,17,0,0,0,9,0,0,0,1,0,4,3,0,3911
60910044,99,2,1,0,61414,6804.45,0.110796,5729.7,8191,53223,29651,3194,31067,6295,3985,680,9,1,1,17,14,0,1,4,4,0,1,1,1,5,11,2,3,3238
60910044,127,2,1,0,109370,9669.59,0.0884118,9369.17,10900,98470,44152,5199,79726,24407,3193,657,13,1,1,26,24,0,2,6,5,0,1,1,1,8,38,2,3,991
60910044,129,3,1,0,54914,7211.59,0.131325,5840.5,11433,43481,25024,5416,33730,22031,1543,515,10,1,1,18,16,0,1,3,6,0,1,1,1,4,17,6,1,953
60910044,138,2,1,0,59896,6529.17,0.109008,4413.3,3136,56760,29988,8101,38854,11679,7264,571,10,1,1,13,14,0,1,3,6,0,1,1,1,4,18,4,1,1679
60910044,139,2,1,0,84707,9365.01,0.110558,8886.22,4146,80561,31476,4052,35169,10056,23807,348,14,1,1,24,17,0,0,1,13,0,0,1,1,1,24,10,5,1166
60910044,141,2,1,0,67546,6071.78,0.089891,4163.68,4897,62649,39153,9648,49107,29287,4688,664,9,0,0,18,15,0,0,0,9,0,0,0,1,0,26,2,3,745
60910044,143,4,1,0,19271,2758.41,0.143138,2262.86,2375,16896,3518,616,10412,5704,984,529,7,0,0,9,10,0,0,0,7,0,0,0,1,0,1,6,0,1055
60910044,147,2,1,0,136368,11418.6,0.0837336,11049.5,21297,115071,79249,8791,99670,32351,1952,648,14,2,1,27,22,1,3,7,3,1,1,1,1,11,61,3,2,1062
60910044,160,2,1,0,149633,12646.2,0.0845146,12225.9,7402,142231,78000,6746,100216,29797,13394,434,17,1,1,40,21,0,1,3,13,0,1,1,1,4,60,12,7,3032
60910044,161,2,1,0,114772,14454.9,0.125944,14085.3,9356,105416,47617,6936,87951,20607,2616,619,14,1,1,39,38,1,1,6,6,1,1,1,1,8,30,3,2,631
60910044,162,3,1,0,40495,3561.17,0.087941,1829.63,2447,38048,18171,4056,26754,14655,1936,474,8,0,0,15,9,0,0,0,8,0,0,0,1,0,17,3,1,4959
60910044,176,3,1,0,69331,8736.08,0.126005,7170.12,5035,64296,29100,6548,37455,11351,3577,689,11,1,1,28,19,0,1,3,7,0,1,1,1,4,29,4,3,10278
60910044,181,2,1,0,59872,4366.58,0.0729319,4001.08,6625,53247,26944,5984,43655,19798,1649,465,9,0,0,9,11,0,0,0,9,0,0,0,1,0,15,4,3,1102
60910044,184,2,1,0,86410,6524.84,0.0755102,3598.04,2938,83472,54114,9736,67852,17830,4297,830,10,1,1,27,22,0,1,2,7,0,1,1,1,3,36,3,2,1365
60910044,186,3,1,0,74152,8361.05,0.112756,7542.03,14936,59216,33681,3577,42303,8359,1344,688,13,1,1,27,14,2,1,4,6,1,1,1,1,7,34,8,2,3703
60910044,191,2,1,0,80371,7514.66,0.0934997,6665.46,7761,72610,45852,12809,50450,21222,2224,585,11,2,1,29,15,1,1,5,4,1,1,1,1,7,28,6,5,9396
60910046,22,4,1,0,13007,3722.53,0.286194,2465.2,2592,10415,2913,380,4510,999,769,434,7,0,0,10,6,0,0,0,7,0,0,0,1,0,0,1,0,1760
60910046,32,4,1,0,34366,5330.15,0.1551,4827.62,4382,29984,12118,2527,18640,4384,2096,320,13,0,0,26,26,0,0,0,13,0,0,0,1,0,7,5,6,1129
60910046,45,2,1,0,45266,5482.55,0.121119,5047.91,5842,39424,20445,3384,31147,9671,1801,450,9,0,0,20,15,0,0,0,9,0,0,0,1,0,9,4,3,999
60910046,46,4,1,0,20086,4135.02,0.205866,3076.36,3262,16824,7001,1146,11383,4591,817,466,7,0,0,11,8,0,0,0,7,0,0,0,1,0,5,2,0,984
60910046,54,4,1,0,25081,7426.13,0.296086,6025.7,8747,16334,4450,418,9468,1831,782,329,9,0,0,20,14,0,0,0,9,0,0,0,1,0,0,1,0,2071
60910046,58,2,1,0,51888,7102.98,0.136891,6416.07,4832,47056,10048,1465,30398,14352,1891,312,12,0,0,27,23,0,0,0,12,0,0,0,1,0,2,7,6,5759
60910046,59,4,1,0,17889,4196.36,0.234578,3768.07,5210,12679,4710,1224,8799,4207,528,203,7,0,0,16,13,0,0,0,7,0,0,0,1,0,2,2,0,1143
60910046,60,3,1,0,16185,3745.81,0.231437,3314.8,2368,13817,4246,864,8952,3071,753,306,8,0,0,9,5,0,0,0,8,0,0,0,1,0,1,3,0,879
60910046,61,3,1,0,48022,8848.27,0.184255,6091.92,9447,38575,16756,3391,31121,7336,1234,329,10,0,0,26,24,0,0,0,10,0,0,0,1,0,11,3,0,1390
60910046,67,4,1,0,28184,5918.11,0.209981,5529.48,12288,15896,6871,857,8990,2544,1145,546,7,0,0,21,23,0,0,0,7,0,0,0,1,0,3,1,0,1888
60910046,68,3,1,0,40541,8824.27,0.217663,8218.24,5752,34789,11056,1529,25859,13567,1081,561,9,0,0,27,32,0,0,0,9,0,0,0,1,0,3,4,0,1799
60910046,76,3,1,0,28251,4325.67,0.153116,3871.03,11035,17216,5299,805,11612,3079,817,250,8,0,0,16,12,0,0,0,8,0,0,0,1,0,1,1,0,1591
60910046,89,3,1,0,165390,18966.7,0.114678,14049.5,13440,151950,59514,8959,126952,57829,4539,434,14,0,0,45,42,0,0,0,14,0,0,0,1,0,36,6,0,11399
60910046,92,4,1,0,34192,6035.87,0.176529,5598.07,7249,26943,14298,2159,20969,6512,858,208,11,0,0,26,25,0,0,0,11,0,0,0,1,0,9,3,0,783
60910046,99,3,1,0,39792,6182.3,0.155365,5593.43,4440,35352,11609,1651,23128,6752,2049,385,10,0,0,25,20,0,0,0,10,0,0,0,1,0,4,5,3,4055
60910046,127,2,1,0,41454,6612.95,0.159525,5774.28,13081,28373,12190,1232,15703,2767,3162,553,12,0,0,18,15,0,0,0,12,0,0,0,1,0,6,1,2,815
60910046,129,2,1,0,34801,7173.17,0.20612,6422.06,6689,28112,12200,1440,17585,4878,1594,274,9,0,0,17,22,0,0,0,9,0,0,0,1,0,6,4,3,3439
60910046,138,2,1,0,44516,5324.85,0.119617,3834.34,2316,42200,18449,7992,31946,13055,1930,456,11,1,1,19,25,0,0,0,11,0,0,0,1,0,5,7,4,1158
60910046,139,2,1,0,45825,7701.48,0.168063,7000.18,4003,41822,12791,1894,28654,7183,865,392,14,0,0,29,14,0,0,0,14,0,0,0,1,0,9,2,0,4654
60910046,141,2,1,0,48788,7175.75,0.14708,6230.03,5187,43601,20327,1664,33714,11703,1049,545,10,0,0,16,31,0,0,0,10,0,0,0,1,0,20,4,0,1719
60910046,143,4,1,0,13676,3284.51,0.240166,2775.08,3739,9937,3040,469,5488,1087,897,306,7,0,0,10,10,0,0,0,7,0,0,0,1,0,0,1,0,1111
60910046,147,2,1,0,83831,12566,0.149897,11599.1,15888,67943,28772,2726,50179,13624,4154,143,12,0,0,33,28,0,0,0,12,0,0,0,1,0,24,6,5,1518
60910046,160,2,1,0,46886,8519.45,0.181706,6231.84,6912,39974,14218,1680,24950,4703,1858,417,13,0,0,27,30,0,0,0,13,0,0,0,1,0,10,4,2,4087
60910046,161,2,1,0,71304,12239.4,0.17165,9967.43,7408,63896,28483,4854,45229,16886,5522,448,14,0,0,39,30,0,0,0,14,0,0,0,1,0,15,5,5,2039
60910046,162,3,1,0,27152,4704.6,0.173269,4022,3312,23840,9523,1784,15407,4149,2633,259,9,0,0,11,12,0,0,0,9,0,0,0,1,0,4,3,0,1551
60910046,176,3,1,0,34319,6271.04,0.182728,4013.15,3831,30488,11208,1751,17983,6806,2496,385,10,0,0,18,14,0,0,0,10,0,0,0,1,0,6,4,1,2911
60910046,181,3,1,0,33775,4398.03,0.130216,3941.47,4127,29648,12527,1688,17145,5680,3320,128,11,0,0,13,10,0,0,1,10,0,0,1,1,1,12,4,2,1903
60910046,184,2,1,0,42104,5763.61,0.13689,3777.58,3537,38567,14588,2232,22091,7438,2107,562,9,0,0,22,18,0,0,0,9,0,0,0,1,0,12,3,0,6885
60910046,186,3,1,0,44950,9881.63,0.219836,8683.54,6541,38409,9501,2438,30366,16272,1329,352,9,0,0,36,22,0,0,0,9,0,0,0,1,0,8,4,1,2015
60910046,191,4,1,0,18212,4142.47,0.227459,3608.12,5716,12496,4435,440,6130,1520,881,450,8,0,0,13,16,0,0,0,8,0,0,0,1,0,0,3,0,1447
60910090,22,4,1,0,13142,3208.43,0.244136,2395.52,2397,10745,2302,437,5368,1543,729,441,7,0,0,8,9,0,0,0,7,0,0,0,1,0,0,1,2,1224
60910090,32,4,1,0,16156,3476.06,0.215156,2797.37,3123,13033,3174,632,6912,2335,891,425,8,0,0,11,15,0,0,0,8,0,0,0,1,0,2,4,3,1048
60910090,45,3,1,0,91787,8058.66,0.0877974,6008.15,20012,71775,40080,17685,49384,24327,1673,553,11,2,1,19,22,0,2,8,1,0,1,1,1,10,7,4,3,12422
60910090,46,4,1,0,26585,3029.31,0.113948,2097.03,2000,24585,14080,4984,19196,15014,849,416,7,0,0,9,7,0,0,0,7,0,0,0,1,0,8,1,0,1088
60910090,54,4,1,0,22690,4888.4,0.215443,4496.92,7356,15334,8386,2996,8214,1622,1000,417,9,0,0,17,12,0,0,0,9,0,0,0,1,0,2,4,2,1056
60910090,58,4,1,0,72985,7265.18,0.0995435,4812.28,15512,57473,26559,5256,45171,23040,1523,112,11,2,1,26,21,0,1,5,5,0,1,1,1,6,11,4,3,4773
60910090,59,2,1,0,49689,3773.1,0.0759342,1668.91,5330,44359,15729,7008,38689,26111,785,455,7,0,0,10,8,0,0,0,7,0,0,0,1,0,4,3,0,1312
60910090,60,4,1,0,51309,3929.04,0.0765759,3526.5,9749,41560,30330,12277,23368,9216,882,345,9,1,1,11,13,0,1,2,6,0,1,1,1,3,8,1,1,13023
60910090,61,4,1,0,46525,5533.86,0.118944,5003.71,19885,26640,12417,2517,19162,6127,1025,425,10,1,1,15,10,0,1,4,5,0,1,1,1,5,7,4,1,871
60910090,67,4,1,0,26862,6181.36,0.230116,5134.86,8109,18753,7185,2271,11258,6031,874,457,8,1,1,21,16,0,1,3,4,0,1,1,1,4,4,1,2,2223
60910090,68,4,1,0,44152,4582.43,0.103788,3834.5,3040,41112,24807,6411,23072,11453,3323,522,9,0,0,13,10,0,0,0,9,0,0,0,1,0,15,5,0,7975
60910090,76,2,1,0,180542,5323.89,0.0294884,3513.32,40559,139983,19783,8984,129384,105578,826,369,9,1,1,14,7,0,1,2,6,0,1,1,1,3,3,0,1,5454
60910090,89,4,1,0,83200,6551.11,0.0787393,4000.04,21792,61408,47352,13375,40712,12496,3632,419,11,0,0,23,15,0,0,0,11,0,0,0,1,0,12,1,2,8191
60910090,92,3,1,0,91554,6368.61,0.0695613,5850.09,17978,73576,18972,3305,49016,13623,1154,456,10,1,1,22,17,0,1,3,6,0,1,1,1,4,10,3,1,18088
60910090,99,4,1,0,54097,3800.16,0.0702471,2791.01,9096,45001,8000,4264,40081,18104,688,401,9,0,0,15,10,0,0,0,9,0,0,0,1,0,2,1,0,0
60910090,127,4,1,0,129130,9702.13,0.0751346,9122.47,19068,110062,54451,16528,81567,32655,1417,481,12,1,1,23,12,0,1,4,7,0,1,1,1,5,13,7,3,18663
60910090,129,3,1,0,113978,9435.31,0.0827818,4805.97,36258,77720,54817,29680,67523,35416,1464,489,11,2,1,26,23,0,2,7,2,0,1,1,1,9,9,4,4,1263
60910090,138,2,1,0,119810,6427.59,0.0536482,5915.75,13547,106263,55902,16476,96284,28777,1633,322,12,1,1,18,18,0,1,2,9,0,1,1,1,3,22,3,4,1487
60910090,139,2,1,0,79927,6660.47,0.0833319,5116.01,12200,67727,14252,3979,56946,38009,3223,298,13,0,0,19,20,0,0,0,13,0,0,0,1,0,7,6,1,1610
60910090,141,2,1,0,162907,6267.78,0.0384746,5516.74,16036,146871,66191,45962,122914,49047,13906,456,10,1,1,20,18,0,1,3,6,0,1,1,1,4,10,7,7,1967
60910090,143,4,1,0,17248,2684.94,0.155667,1036.63,6127,11121,6906,4255,5604,2304,1011,426,7,0,0,13,9,0,0,0,7,0,0,0,1,0,1,1,0,958
60910090,147,2,1,0,225598,9295.34,0.0412031,6604.83,40048,185550,112838,49679,163359,109106,10425,441,14,1,1,23,29,0,2,9,3,0,1,1,1,11,8,8,4,1158
60910090,160,3,1,0,89153,9993.35,0.112092,8926.27,8722,80431,43079,13286,58734,15920,1232,520,13,1,1,25,25,0,1,6,6,0,1,1,1,7,17,3,2,11023
60910090,161,2,1,0,127729,9405.29,0.0736347,7637.12,11805,115924,26881,4604,105107,42145,1201,384,13,2,1,26,16,0,2,8,3,0,1,1,1,10,16,3,1,738
60910090,162,4,1,0,29854,4721.35,0.158148,4121.24,8166,21688,12190,5260,14668,3967,1249,448,8,1,1,16,8,0,1,5,2,0,1,1,1,6,3,3,1,1079
60910090,176,3,1,0,62542,4371.24,0.0698928,3521.18,6486,56056,17277,3886,43697,15967,1746,481,9,0,0,7,13,0,0,0,9,0,0,0,1,0,7,5,4,4718
60910090,181,4,1,0,45843,5557.54,0.12123,4804.92,11458,34385,21701,12758,11449,2736,1241,384,10,1,1,20,8,0,1,7,2,0,1,1,1,8,4,3,0,15823
60910090,184,3,1,0,97267,8219.07,0.0845,6762.63,6933,90334,39048,14469,76423,15991,1265,337,14,2,1,18,26,3,2,5,4,1,1,1,1,10,7,4,7,2727
60910090,186,4,1,0,96888,5107.54,0.0527159,4717.37,28680,68208,36296,21662,61448,25543,1008,394,10,1,1,13,10,0,1,3,6,0,1,1,1,4,6,6,0,695
60910090,191,4,1,0,36750,6082.81,0.165519,5672.34,10269,26481,8523,1696,16527,5120,3569,335,10,0,0,19,14,0,2,2,6,0,1,1,1,4,3,5,2,937
60910103,22,4,1,0,15385,3687.71,0.239695,2159.91,2474,12911,3091,337,5433,1271,1049,431,7,0,0,15,6,0,0,0,7,0,0,0,1,0,0,3,0,2816
60910103,32,4,1,0,20273,3760.21,0.185478,2627.97,3832,16441,3766,401,6393,1839,826,530,8,0,0,9,6,0,0,0,8,0,0,0,1,0,0,3,0,4871
60910103,45,3,1,0,87009,9227.59,0.106053,7348.41,11352,75657,37163,5960,62054,17132,1356,537,12,1,1,31,15,2,1,7,2,1,1,1,1,10,29,4,2,3711
60910103,46,4,1,0,25744,3920.27,0.152279,2789.1,8192,17552,6246,1102,9419,3776,1146,465,7,0,0,15,9,0,0,0,7,0,0,0,1,0,4,4,0,2727
60910103,54,3,1,0,37521,6424.86,0.171234,3895.28,16659,20862,14377,4099,7134,1831,834,470,9,0,0,15,18,0,0,0,9,0,0,0,1,0,19,2,0,8400
60910103,58,2,1,0,146677,18747.9,0.127817,16761.1,13782,132895,62945,8950,112301,49107,1913,681,15,2,1,53,37,1,2,9,3,1,1,1,1,12,41,5,6,3023
60910103,59,4,1,0,30544,4192.83,0.137272,2575.55,5386,25158,9406,2296,8254,4320,983,473,7,0,0,18,10,0,0,0,7,0,0,0,1,0,7,3,0,11671
60910103,60,2,1,0,53458,5426.5,0.10151,2351.42,5059,48399,23007,3464,24993,12871,1089,681,8,0,0,22,12,0,0,0,8,0,0,0,1,0,16,4,0,16951
60910103,61,3,1,0,30653,5605.58,0.182872,4215.04,6389,24264,6726,696,12727,3520,1064,520,9,0,0,17,12,0,0,0,9,0,0,0,1,0,5,3,1,5327
60910103,67,4,1,0,28201,4286.12,0.151985,2923.31,12009,16192,10086,2127,6114,1351,841,465,7,0,0,17,13,0,0,0,7,0,0,0,1,0,16,4,0,5767
60910103,68,3,1,0,29856,4286.66,0.143578,3119.16,5176,24680,10303,1864,10192,3663,1368,585,9,0,0,11,9,0,0,0,9,0,0,0,1,0,7,6,1,6519
60910103,76,2,1,0,80112,6664.73,0.0831926,5926.91,21280,58832,29099,3336,34644,25583,1152,608,9,1,1,16,16,0,1,5,3,0,1,1,1,6,36,4,1,16822
60910103,89,3,1,0,83164,13466.8,0.161931,8299.3,19019,64145,32821,4673,45544,18430,1761,761,12,2,1,46,22,0,2,10,0,0,1,1,0,12,35,4,3,5799
60910103,92,4,1,0,41728,4730.52,0.113366,2097.83,6386,35342,19563,7911,21513,13728,1168,473,9,0,0,15,8,0,0,0,9,0,0,0,1,0,6,2,0,7000
60910103,99,4,1,0,40814,8579.06,0.210199,6292.57,14870,25944,12038,1521,13452,3135,1112,690,11,1,1,26,17,0,2,9,0,0,1,1,0,11,10,5,3,3158
60910103,127,4,1,0,78229,10757.4,0.137511,10376.4,20859,57370,26954,3807,43702,18430,1840,514,14,1,1,29,22,0,2,11,1,0,1,1,1,13,20,8,4,1297
60910103,129,4,1,0,22996,5279,0.229561,4126.38,5922,17074,6225,776,6515,2406,1161,490,9,0,0,12,11,0,0,0,9,0,0,0,1,0,5,4,0,4784
60910103,138,2,1,0,61968,6032.89,0.0973549,4666.37,12512,49456,27567,7581,23187,8583,2440,505,10,1,1,26,27,0,1,3,6,0,1,1,1,4,16,3,1,16790
60910103,139,3,1,0,63143,8660.95,0.137164,7014.46,5992,57151,23048,8202,27898,6568,10655,481,14,1,1,25,33,0,2,5,7,0,1,1,1,7,10,6,4,8364
60910103,141,3,1,0,62360,9850.59,0.157963,9356.81,14512,47848,20130,6928,33111,10960,1520,713,12,3,1,30,20,0,3,9,0,0,1,1,0,12,6,6,1,1767
60910103,143,4,1,0,17288,3290.28,0.190321,2170.68,4584,12704,4998,1008,4969,1607,960,505,7,0,0,6,5,0,0,0,7,0,0,0,1,0,4,1,0,2727
60910103,147,3,1,0,81607,12335,0.151151,9381.49,28176,53431,35713,6536,36472,12120,1127,632,14,2,1,33,22,1,3,10,0,1,1,1,0,14,29,4,1,4782
60910103,160,3,1,0,60783,12391.9,0.203871,9140.22,5360,55423,16036,1787,36508,6694,2713,609,13,2,1,36,26,0,2,11,0,0,1,1,0,13,11,5,1,4679
60910103,161,3,1,0,98993,15411.1,0.155679,13150.9,24138,74855,38121,6333,53827,11422,1521,697,13,2,1,35,28,0,2,11,0,0,1,1,0,13,26,6,2,7990
60910103,162,4,1,0,27833,3396.08,0.122016,2173.94,13977,13856,4556,719,5239,1999,850,418,7,0,0,13,15,0,0,0,7,0,0,0,1,0,1,2,0,4687
60910103,176,3,1,0,63249,8016.84,0.12675,7337.12,6513,56736,20402,3920,36115,26110,5305,456,14,0,0,22,18,0,2,2,10,0,1,1,1,4,15,5,2,6567
60910103,181,3,1,0,44471,8027.93,0.180521,5224.48,2568,41903,15330,3000,23211,11064,1631,648,10,1,1,23,27,0,1,5,4,0,1,1,1,6,12,4,1,9310
60910103,184,3,1,0,97613,8789.25,0.0900418,5615.69,7990,89623,51044,7687,72643,26152,4752,609,10,1,1,32,19,0,1,6,3,0,1,1,1,7,30,5,4,4180
60910103,186,3,1,0,76744,9089.35,0.118437,4859.31,9896,66848,30644,2561,46906,15479,2048,587,10,1,1,20,17,0,1,7,2,0,1,1,1,8,34,4,3,9445
60910103,191,4,1,0,18720,4299.82,0.229691,3175.68,3376,15344,4129,250,6572,1360,868,554,8,0,0,13,10,0,0,0,8,0,0,0,1,0,0,3,0,3447
60911041,22,4,1,0,17674,4418.94,0.250025,3527.62,4338,13336,3637,694,5105,1046,1401,602,7,0,0,13,8,0,0,0,7,0,0,0,1,0,2,1,1,2137
60911041,32,4,1,0,15912,3750.26,0.235687,2711.82,2232,13680,2699,691,6942,1494,916,465,8,0,0,12,8,0,0,0,8,0,0,0,1,0,1,2,1,1532
60911041,45,2,1,0,61683,5158.87,0.0836353,3544.2,4179,57504,41354,30471,13196,2728,2105,690,9,0,0,16,12,0,0,0,9,0,0,0,1,0,22,6,5,33023
60911041,46,4,1,0,16989,3362.79,0.197939,1605.1,3533,13456,4795,993,6729,2064,1336,577,7,0,0,10,10,0,0,0,7,0,0,0,1,0,4,4,2,1255
60911041,54,3,1,0,28608,5809.17,0.203061,5373.73,10051,18557,7428,1232,9760,2582,1170,425,9,0,0,17,14,0,0,0,9,0,0,0,1,0,8,1,0,1111
60911041,58,2,1,0,35004,6155.91,0.175863,5236.36,3700,31304,13103,2103,19500,8391,3578,483,10,0,0,21,17,0,0,0,10,0,0,0,1,0,17,6,4,1486
60911041,59,2,1,0,38253,4947.94,0.129348,4260.36,4086,34167,13763,1804,26667,11447,1218,617,7,0,0,18,16,0,0,0,7,0,0,0,1,0,10,4,6,1408
60911041,60,2,1,0,39102,5706.89,0.145949,4730.58,2878,36224,18141,3725,18586,5832,4634,864,10,0,0,17,13,0,0,0,10,0,0,0,1,0,13,7,3,1943
60911041,61,3,1,0,44217,8260.63,0.18682,6111.01,3752,40465,16454,5177,28584,6959,1537,600,11,2,1,31,19,0,2,6,3,0,1,1,1,8,7,4,2,927
60911041,67,3,1,0,26530,4846.22,0.18267,1317.21,7450,19080,4049,1073,6601,1759,1257,697,7,0,0,17,23,0,0,0,7,0,0,0,1,0,1,4,3,5688
60911041,68,3,1,0,28356,3947.13,0.139199,3544.16,4635,23721,10401,3086,11744,4133,1296,527,9,0,0,14,10,0,0,0,9,0,0,0,1,0,6,6,3,3951
60911041,76,2,1,0,102047,13285.9,0.130194,12667.5,6048,95999,42188,5769,67333,27055,8377,472,18,0,0,36,34,0,6,6,6,0,1,1,1,12,26,8,13,3918
60911041,89,2,1,0,159621,15579.8,0.0976052,10826,4398,155223,75014,14932,53888,12886,2361,674,20,1,1,50,40,0,2,8,10,0,1,1,1,10,54,6,6,78299
60911041,92,4,1,0,71704,6779.61,0.09455,6304.65,5488,66216,20102,4097,51103,40118,3209,450,9,0,0,22,15,0,0,0,9,0,0,0,1,0,24,1,0,5713
60911041,99,4,1,0,18034,5077.09,0.281529,2639.53,4570,13464,3217,432,7557,2368,823,416,8,0,0,13,15,0,0,0,8,0,0,0,1,0,0,2,0,887
60911041,127,2,1,0,110965,12000.4,0.108146,9983.4,47760,63205,56722,19704,39440,10744,5807,635,13,1,1,27,28,0,1,8,4,0,1,1,1,9,36,4,5,1167
60911041,129,2,1,0,74286,6588.28,0.0886881,4011.13,7150,67136,40130,15555,54992,36910,1570,730,12,0,0,21,16,0,2,2,8,0,1,1,1,4,30,5,4,1007
60911041,138,2,1,0,44440,8232.92,0.185259,6417.47,4567,39873,14786,2929,21651,3001,4698,549,13,0,0,22,25,0,0,0,13,0,0,0,1,0,8,8,4,823
60911041,139,4,1,0,29504,5808.55,0.196873,5122.2,4959,24545,7509,1105,13889,3007,1074,438,12,0,0,15,18,0,0,0,12,0,0,0,1,0,1,4,1,2854
60911041,141,2,1,0,54607,7539.91,0.138076,6283.57,4113,50494,21144,2376,26024,8112,4169,664,11,0,0,18,19,0,0,0,11,0,0,0,1,0,20,7,3,4039
60911041,143,4,1,0,14852,3316.2,0.223283,682.479,2460,12392,2693,432,5795,1817,808,394,7,0,0,16,11,0,0,0,7,0,0,0,1,0,0,3,0,2190
60911041,147,2,1,0,177117,20554.2,0.116049,19782,16110,161007,105094,45651,136990,89281,7632,378,17,0,0,48,41,1,4,4,8,1,1,1,1,9,97,6,3,1173
60911041,160,2,1,0,100197,7853.09,0.0783765,5340.6,4585,95612,50480,9144,70224,40351,11562,809,12,0,0,28,17,0,0,0,12,0,0,0,1,0,43,3,3,1270
60911041,161,3,1,0,45683,8371.37,0.183249,5850.18,11165,34518,15663,2661,17000,3920,4884,138,12,0,0,22,19,0,0,0,12,0,0,0,1,0,13,6,9,3318
60911041,162,3,1,0,26051,3922.87,0.150584,2862.87,4435,21616,9608,2207,13653,5479,1369,448,7,0,0,18,12,0,0,0,7,0,0,0,1,0,13,3,2,2183
60911041,176,4,1,0,32924,4843.92,0.147124,1670.99,6732,26192,14585,3898,16333,7040,1650,387,9,0,0,15,12,0,0,0,9,0,0,0,1,0,11,4,3,3007
60911041,181,3,1,0,47218,6107.46,0.129346,4170.18,3538,43680,21740,5012,16588,3607,4042,520,10,0,0,15,8,0,0,0,10,0,0,0,1,0,19,2,5,14174
60911041,184,2,1,0,47991,5182.5,0.107989,4320.63,4824,43167,19261,2016,25597,6590,2529,593,10,0,0,16,15,0,0,0,10,0,0,0,1,0,24,6,4,2487
60911041,186,3,1,0,28471,6330.85,0.222361,2757.37,10151,18320,8462,1580,9442,2071,1074,436,9,0,0,14,12,0,0,0,9,0,0,0,1,0,9,3,0,2574
60911041,191,3,1,0,31532,4249.04,0.134753,3160.49,5332,26200,18089,7168,6647,1425,3232,687,8,0,0,12,9,0,0,0,8,0,0,0,1,0,6,2,3,8999
60911043,22,4,1,0,16272,3038.73,0.186746,2532.69,2032,14240,4836,657,6085,1656,1538,577,7,0,0,8,7,0,0,0,7,0,0,0,1,0,3,2,0,2751
60911043,32,4,1,0,17080,3139.72,0.183824,2582.33,3353,13727,4606,559,6538,1528,1208,521,8,0,0,6,9,0,0,0,8,0,0,0,1,0,2,3,0,1023
60911043,45,3,1,0,31835,3662.34,0.115041,2544.64,4682,27153,12369,3806,17222,6359,1913,481,9,0,0,7,6,0,0,0,9,0,0,0,1,0,7,3,0,1024
60911043,46,4,1,0,21912,3093.58,0.141182,2655.9,3416,18496,6844,943,9468,4039,1241,544,7,0,0,10,5,0,0,0,7,0,0,0,1,0,6,3,1,3526
60911043,54,3,1,0,33184,4162.87,0.125448,3703.75,10665,22519,13583,4493,9531,2454,1849,569,9,0,0,12,10,0,0,0,9,0,0,0,1,0,7,1,0,5296
60911043,58,2,1,0,56320,8487.8,0.150707,7166.84,6736,49584,16161,1429,37020,12743,1770,440,11,2,1,28,25,0,2,5,4,0,1,1,1,7,12,2,1,2415
60911043,59,4,1,0,17567,3499.73,0.199222,3142.35,3503,14064,4368,507,9042,3207,762,385,7,0,0,13,10,0,0,0,7,0,0,0,1,0,1,1,1,1103
60911043,60,2,1,0,25554,3957.43,0.154865,3207.69,3834,21720,10308,1810,12008,3430,1130,450,8,0,0,12,5,0,0,0,8,0,0,0,1,0,6,4,0,3887
60911043,61,4,1,0,42388,5129.02,0.121002,4716.72,11275,31113,19984,5272,20680,6591,3473,88,10,0,0,20,8,0,0,0,10,0,0,0,1,0,12,4,0,1216
60911043,67,4,1,0,14879,2861.8,0.192338,2225.29,4432,10447,3294,836,5531,1439,689,465,7,0,0,14,10,0,0,0,7,0,0,0,1,0,1,2,0,957
60911043,68,2,1,0,46497,3734.31,0.0803129,3104.77,4721,41776,23081,9429,18208,4471,1705,585,9,0,0,7,7,0,0,0,9,0,0,0,1,0,9,7,2,14336
60911043,76,2,1,0,113869,8728.26,0.0766518,6998,35805,78064,46152,16136,55815,28893,1688,449,15,0,0,29,16,2,4,4,5,1,1,1,1,10,17,3,4,8790
60911043,89,3,1,0,51072,6085.11,0.119148,5767.2,8309,42763,23961,3824,28135,12171,2402,712,11,0,0,16,15,0,0,0,11,0,0,0,1,0,20,6,2,1394
60911043,92,3,1,0,35966,4265.12,0.118588,2819.2,6590,29376,14526,2472,19306,5095,2305,457,9,0,0,15,12,0,0,0,9,0,0,0,1,0,14,1,1,2495
60911043,99,3,1,0,64095,6785.31,0.105863,5495.21,7207,56888,21112,3320,40963,10872,1025,384,17,0,0,25,19,0,0,0,17,0,0,0,1,0,10,10,3,5743
60911043,127,4,1,0,81985,6342.54,0.0773622,3262.42,15873,66112,36253,4389,42637,12751,5200,561,13,1,1,19,12,1,1,4,7,1,1,1,1,6,40,6,3,4120
60911043,129,4,1,0,30170,4298.61,0.14248,3905.52,7889,22281,13515,2904,13574,2592,1562,97,13,0,0,21,15,0,0,0,13,0,0,0,1,0,7,4,0,1160
60911043,138,3,1,0,44408,4426.38,0.0996753,3379.86,3392,41016,17586,5431,22615,8199,3969,442,9,0,0,9,6,0,0,0,9,0,0,0,1,0,6,1,0,9158
60911043,139,3,1,0,47316,5210.7,0.110126,4522.85,6563,40753,23169,4750,25908,5886,1786,433,13,0,0,16,15,0,0,0,13,0,0,0,1,0,13,5,1,4334
60911043,141,2,1,0,58664,5259.52,0.0896549,4706.68,23385,35279,33972,4848,22512,7175,988,465,10,1,1,15,14,0,1,3,6,0,1,1,1,4,14,2,3,5159
60911043,143,4,1,0,15720,3105.24,0.197534,2595.48,3344,12376,4221,1349,6020,1327,1760,449,7,0,0,10,6,0,0,0,7,0,0,0,1,0,1,1,0,1079
60911043,147,2,1,0,339101,24636.3,0.0726518,23337.4,23649,315452,163123,44713,255452,75230,3264,424,39,2,1,51,53,1,3,6,29,1,1,1,1,10,62,16,21,14678
60911043,160,2,1,0,176179,11802.1,0.066989,7776.57,4333,171846,53823,18736,123338,44654,2560,576,15,1,1,30,26,0,1,6,8,0,1,1,1,7,23,6,2,33263
60911043,161,2,1,0,163729,8926.1,0.0545175,8125.79,16290,147439,96320,25572,108102,32838,10890,403,15,0,0,27,11,0,1,1,13,0,1,1,1,2,32,8,3,4855
60911043,162,3,1,0,24497,2312.89,0.0944152,1794.47,3089,21408,8541,1984,10974,7144,1936,473,7,0,0,6,4,0,0,0,7,0,0,0,1,0,9,1,1,4759
60911043,176,3,1,0,31594,4570.13,0.144652,4166.34,4193,27401,9195,3218,16399,5503,3642,352,9,0,0,12,11,0,0,0,9,0,0,0,1,0,3,3,1,784
60911043,181,3,1,0,36896,4970.33,0.134712,3794.53,4336,32560,13344,1671,20818,6558,1662,416,11,0,0,14,8,0,0,0,11,0,0,0,1,0,6,4,1,4098
60911043,184,2,1,0,96993,5766.96,0.0594575,3169.37,4124,92869,45261,9103,52583,13838,4812,452,12,0,0,16,14,0,1,1,10,0,1,1,1,2,24,3,2,26636
60911043,186,2,1,0,93255,7114.02,0.0762857,6661.72,8112,85143,57223,16772,58393,19647,1577,481,10,0,0,19,14,0,0,0,10,0,0,0,1,0,18,3,1,18063
60911043,191,4,1,0,24424,3309.57,0.135505,2575.27,3624,20800,10355,1420,10255,2216,1074,595,8,0,0,8,7,0,0,0,8,0,0,0,1,0,5,3,1,4151
60911060,22,4,1,0,18703,3444.3,0.184158,1956.45,4369,14334,5380,841,6285,1304,1505,656,7,0,0,10,3,0,0,0,7,0,0,0,1,0,3,0,1,1520
60911060,32,3,1,0,26142,4853.57,0.185662,3455.77,3206,22936,7788,928,8282,1574,1721,665,9,0,0,14,15,0,0,0,9,0,0,0,1,0,4,5,2,4560
60911060,45,3,1,0,32505,4126.64,0.126954,3647.63,5608,26897,11010,3492,15734,10231,2121,498,9,0,0,16,5,0,0,0,9,0,0,0,1,0,4,2,0,2415
60911060,46,3,1,0,25205,3997.15,0.158586,3517.03,4174,21031,6071,1558,7172,1616,2384,761,8,0,0,11,10,0,0,0,8,0,0,0,1,0,4,5,2,3464
60911060,54,2,1,0,69246,10328.1,0.14915,9791.42,8548,60698,17836,5160,46219,13015,2042,701,12,0,0,28,20,0,2,2,8,0,1,1,1,4,4,4,4,1335
60911060,58,3,1,0,26832,5422.25,0.202081,5045.1,4071,22761,9607,2292,13633,6368,1353,641,9,0,0,19,11,0,0,0,9,0,0,0,1,0,1,1,1,1303
60911060,59,2,1,0,36313,4401.52,0.12121,3371.94,4523,31790,12990,4144,18660,4952,1609,625,7,0,0,12,8,0,0,0,7,0,0,0,1,0,8,1,0,6760
60911060,60,2,1,0,49280,5230.31,0.106134,3100.75,2904,46376,13971,1770,24527,6112,3561,592,12,0,0,18,13,0,0,0,12,0,0,0,1,0,9,5,3,5032
60911060,61,2,1,0,69822,9210.66,0.131916,8561.98,3782,66040,12219,1429,45909,27980,6227,705,10,0,0,22,14,0,0,0,10,0,0,0,1,0,7,5,0,1991
60911060,67,4,1,0,32321,5723.59,0.177086,4447.46,7057,25264,7626,1360,11316,3687,1179,280,10,0,0,24,19,0,0,0,10,0,0,0,1,0,2,2,2,5751
60911060,68,4,1,0,31558,5526.35,0.175117,4889.17,3262,28296,9889,976,15456,6649,1906,335,10,0,0,15,14,0,0,0,10,0,0,0,1,0,3,5,1,1679
60911060,76,2,1,0,65204,7510.24,0.115181,6539.11,4012,61192,20165,3359,37939,15223,2185,688,9,0,0,18,16,0,0,0,9,0,0,0,1,0,7,6,2,10310
60911060,89,3,1,0,39458,5452.95,0.138196,4827.59,15401,24057,16819,7705,11118,2982,2722,586,10,0,0,16,7,0,0,0,10,0,0,0,1,0,2,2,1,1493
60911060,92,3,1,0,33137,5945.72,0.179428,4533.24,6682,26455,8240,784,13728,3399,2544,610,9,0,0,13,12,0,0,0,9,0,0,0,1,0,4,8,5,1008
60911060,99,2,1,0,95731,8443.99,0.0882053,7213.47,5667,90064,40350,20598,66098,31288,2249,737,14,0,0,38,17,0,0,0,14,0,0,0,1,0,10,7,8,5847
60911060,127,3,1,0,70625,8114.93,0.114902,6915.84,22530,48095,27375,9412,23894,4910,2856,603,12,0,0,26,17,0,0,0,12,0,0,0,1,0,8,5,3,8023
60911060,129,3,1,0,77353,7946.76,0.102734,6715.63,16392,60961,36756,16125,28868,16367,1641,578,9,0,0,20,16,0,0,0,9,0,0,0,1,0,12,5,1,22415
60911060,138,2,1,0,42369,6142.06,0.144966,4390.73,3960,38409,10924,2707,22479,11782,1794,585,9,0,0,18,15,0,0,0,9,0,0,0,1,0,3,6,0,6895
60911060,139,2,1,0,64470,9158.76,0.142062,8556.15,6894,57576,15335,1710,33236,7374,6881,648,14,0,0,29,19,0,0,0,14,0,0,0,1,0,8,6,1,3350
60911060,141,2,1,0,49109,6372.91,0.129771,4511.98,5917,43192,11911,2048,18593,5455,1657,768,9,0,0,21,12,0,0,0,9,0,0,0,1,0,5,1,1,15520
60911060,143,3,1,0,19431,3432.46,0.176648,2927.11,4768,14663,7344,1344,5765,1632,912,704,7,0,0,11,9,0,0,0,7,0,0,0,1,0,4,1,1,3046
60911060,147,2,1,0,154671,15395.5,0.0995369,14930.1,42088,112583,28159,5671,88499,19360,2007,777,17,0,0,30,29,0,7,7,3,0,1,1,1,14,11,8,2,2111
60911060,160,2,1,0,107144,9045.44,0.0844232,8658.91,34994,72150,15054,1296,52865,28814,2530,569,12,0,0,32,20,0,0,0,12,0,0,0,1,0,5,7,0,1559
60911060,161,2,1,0,104113,13977.1,0.134249,12848,22577,81536,23240,5809,53860,19855,3712,642,15,0,0,45,31,0,4,4,7,0,1,1,1,8,6,10,9,5023
60911060,162,3,1,0,22637,3101.93,0.137029,2545.36,3469,19168,5492,1068,6338,2087,1576,753,7,0,0,8,5,0,0,0,7,0,0,0,1,0,1,1,0,5879
60911060,176,2,1,0,75616,8274.05,0.109422,7509.66,3568,72048,21530,4360,53090,22830,3288,705,11,0,0,23,17,0,0,0,11,0,0,0,1,0,9,5,0,3510
60911060,181,2,1,0,107743,5983.68,0.0555366,4673.87,4064,103679,16125,8500,21918,14439,2634,658,9,0,0,18,8,0,0,0,9,0,0,0,1,0,5,2,4,70502
60911060,184,3,1,0,32769,6177.39,0.188513,4860.14,6808,25961,9752,782,14514,5102,1618,514,9,0,0,15,9,0,0,0,9,0,0,0,1,0,4,5,1,2352
60911060,186,2,1,0,83000,8535.22,0.102834,7557.42,6091,76909,39184,27025,57861,37189,2763,958,10,0,0,24,26,0,0,0,10,0,0,0,1,0,7,8,3,2559
60911060,191,2,1,0,68957,11080.9,0.160692,10152.8,5431,63526,21015,2778,32796,11071,5230,706,16,0,0,25,19,0,0,0,16,0,0,0,1,0,15,10,4,3887
60911065,22,4,1,0,21505,4054.63,0.188544,3471.42,2824,18681,8373,2877,7651,1867,1154,312,10,0,0,12,10,0,0,0,10,0,0,0,1,0,5,0,3,3824
60911065,32,4,1,0,25233,3398.38,0.13468,1475.72,5744,19489,5367,694,7694,1847,2400,937,8,0,0,9,10,0,0,0,8,0,0,0,1,0,3,2,1,1368
60911065,45,3,1,0,48047,6202.7,0.129097,2112.98,7551,40496,19850,7350,28284,8951,2009,641,10,1,1,19,7,0,1,3,6,0,1,1,1,4,19,6,3,1196
60911065,46,4,1,0,34437,4921.64,0.142917,3509.17,3541,30896,13534,2478,16695,6455,1504,562,9,0,0,19,13,0,0,0,9,0,0,0,1,0,10,4,2,5247
60911065,54,4,1,0,39122,6213.16,0.158815,5023.91,7785,31337,9139,3503,11791,3607,2377,660,9,0,0,18,15,0,0,0,9,0,0,0,1,0,5,6,0,8488
60911065,58,4,1,0,16981,4381.17,0.258004,1719.9,3643,13338,3550,1045,6611,1999,1159,431,9,0,0,15,6,0,0,0,9,0,0,0,1,0,2,5,5,804
60911065,59,4,1,0,20667,3513.11,0.169987,2315.43,5052,15615,5092,959,8494,2648,1329,545,7,0,0,14,8,0,0,0,7,0,0,0,1,0,1,1,0,1136
60911065,60,4,1,0,36194,4086.51,0.112906,3623.71,5233,30961,14063,2590,11082,4432,6626,536,9,0,0,12,11,0,0,0,9,0,0,0,1,0,8,7,7,5702
60911065,61,4,1,0,53544,7009.61,0.130913,3488.68,1680,51864,19897,4737,37743,10185,1319,739,10,1,1,25,13,0,1,4,5,0,1,1,1,5,9,2,1,4598
60911065,67,4,1,0,45734,5861.37,0.128162,5198.21,14941,30793,10032,1129,15973,7914,2491,674,9,1,1,25,5,1,1,2,5,1,1,1,1,4,5,2,3,4487
60911065,68,3,1,0,45166,5362.42,0.118727,3586.51,5751,39415,9220,1896,18857,8677,1800,727,9,0,0,18,10,0,0,0,9,0,0,0,1,0,7,4,0,10472
60911065,76,2,1,0,105759,7352.05,0.0695171,6765.66,4304,101455,59193,20516,62970,33703,1865,633,9,1,1,25,15,0,1,2,6,0,1,1,1,3,21,5,3,30038
60911065,89,4,1,0,56330,7449.2,0.132242,5396.22,19627,36703,18276,3808,22640,11814,2282,535,13,0,0,31,18,0,0,0,13,0,0,0,1,0,13,6,1,1228
60911065,92,4,1,0,72292,7361.25,0.101827,3408.17,12452,59840,23176,12291,49126,18445,1728,619,10,0,0,30,15,0,0,0,10,0,0,0,1,0,7,2,2,1399
60911065,99,3,1,0,67172,5661.02,0.0842765,4174.01,13477,53695,34186,9013,38614,20927,1992,817,9,0,0,23,12,0,0,0,9,0,0,0,1,0,29,3,1,3549
60911065,127,4,1,0,84036,10769,0.128147,10074,11742,72294,33161,6738,43936,17409,2312,665,14,1,1,39,26,0,1,6,7,0,1,1,1,7,23,7,7,12710
60911065,129,3,1,0,49464,4138.35,0.0836639,3326.21,17183,32281,28553,10632,19718,10062,1379,737,9,0,0,11,8,0,0,0,9,0,0,0,1,0,7,1,2,3510
60911065,138,4,1,0,14292,4034,0.282256,3032.44,2099,12193,2161,315,7109,2637,548,299,9,0,0,15,12,0,0,0,9,0,0,0,1,0,0,5,0,1224
60911065,139,3,1,0,81042,7757.82,0.0957259,7380.9,4408,76634,30983,4744,59183,14865,1993,368,14,0,0,26,15,0,0,0,14,0,0,0,1,0,22,2,3,5206
60911065,141,2,1,0,83171,9203.31,0.110655,7509.5,14123,69048,43251,9597,47234,23088,2304,617,10,1,1,46,24,0,1,3,6,0,1,1,1,4,15,6,4,11173
60911065,143,4,1,0,20833,3316.03,0.159172,494.866,3441,17392,6507,1792,8979,3277,2410,531,8,0,0,15,9,0,0,0,8,0,0,0,1,0,2,4,3,1109
60911065,147,2,1,0,208941,13494.5,0.0645853,11513.8,24582,184359,123714,13056,156759,32567,3017,137,25,2,1,41,35,4,5,8,8,1,1,1,1,17,30,12,6,0
60911065,160,2,1,0,103671,12159.1,0.117286,11766.5,5464,98207,44701,14892,68930,28943,2616,592,12,1,1,34,19,0,1,7,4,0,1,1,1,8,10,6,3,15934
60911065,161,2,1,0,119388,16514.5,0.138327,15623.8,23874,95514,50267,8266,74746,31882,1408,506,14,1,1,44,40,0,1,6,7,0,1,1,1,7,46,3,2,8567
60911065,162,4,1,0,18784,2561.24,0.136352,1978.26,4207,14577,6025,941,8196,1640,929,182,10,0,0,12,10,0,0,0,10,0,0,0,1,0,3,5,1,1136
60911065,176,4,1,0,30719,4110.13,0.133798,3681.35,3959,26760,7583,2725,17561,8702,1827,538,9,0,0,15,13,0,0,0,9,0,0,0,1,0,5,4,0,1974
60911065,181,3,1,0,40797,6530.71,0.160078,4903.78,2661,38136,15071,2968,22117,6342,2818,513,11,0,0,21,12,0,1,1,9,0,1,1,1,2,6,5,3,2894
60911065,184,2,1,0,136743,9744.9,0.0712643,8735.17,7313,129430,47989,7951,84660,40318,1865,745,15,2,1,36,23,4,2,5,4,1,1,1,1,11,30,17,4,25947
60911065,186,3,1,0,50427,4717.5,0.0935511,3565.75,12539,37888,20203,5751,26184,6079,1826,568,10,0,0,15,14,0,0,0,10,0,0,0,1,0,7,5,2,1431
60911065,191,2,1,0,118419,11496.2,0.0970806,10669.4,10159,108260,61230,13472,81905,34556,3810,144,19,1,1,36,30,0,5,5,9,0,1,1,1,10,44,7,10,3591
60911069,22,4,1,0,12777,4239.8,0.33183,1939.62,1944,10833,2418,379,4384,944,817,408,7,0,0,14,12,0,0,0,7,0,0,0,1,0,0,1,0,2856
60911069,32,4,1,0,19985,3882.61,0.194276,3355.38,3345,16640,5365,1214,10450,3079,849,456,8,0,0,18,13,0,0,0,8,0,0,0,1,0,2,3,2,1199
60911069,45,2,1,0,63463,7854.42,0.123764,6918.69,7464,55999,19785,2900,42305,18126,1890,633,9,0,0,28,27,0,0,0,9,0,0,0,1,0,12,4,2,4852
60911069,46,3,1,0,20828,4725.89,0.226901,3361.55,2571,18257,5888,668,9662,2520,1487,128,9,0,0,19,17,0,0,0,9,0,0,0,1,0,4,4,3,1584
60911069,54,2,1,0,76034,8595.29,0.113045,7164.55,16196,59838,14115,1201,21051,4911,6129,546,11,0,0,37,31,0,0,0,11,0,0,0,1,0,7,5,5,19246
60911069,58,2,1,0,65584,5932.02,0.0904492,5547.54,8536,57048,24746,10423,33357,12384,3263,449,11,0,0,16,15,0,0,0,11,0,0,0,1,0,11,6,6,12016
60911069,59,2,1,0,80730,6095.71,0.0755074,5485.27,7586,73144,42594,11518,40695,19799,10329,520,11,0,0,31,11,0,0,0,11,0,0,0,1,0,13,4,1,5800
60911069,60,2,1,0,30265,4592.82,0.151754,4068.06,2609,27656,9633,3104,20275,13583,1744,481,8,0,0,18,16,0,0,0,8,0,0,0,1,0,4,3,0,1024
60911069,61,4,1,0,120819,10228.6,0.0846606,9575.09,11043,109776,41657,8495,80601,16927,4384,632,17,0,0,38,35,0,6,6,5,0,1,1,1,12,22,9,6,4079
60911069,67,3,1,0,18767,4061.72,0.216429,3539.96,8175,10592,5174,976,4727,1967,1129,484,7,0,0,19,12,0,0,0,7,0,0,0,1,0,3,2,0,1127
60911069,68,3,1,0,33458,6455.83,0.192953,5030.66,8290,25168,12084,2431,10430,2606,2906,425,9,0,0,23,16,0,0,0,9,0,0,0,1,0,5,9,2,7064
60911069,76,2,1,0,124104,9042.47,0.072862,7956.17,7304,116800,55981,6392,67710,17827,11728,761,14,0,0,26,28,0,0,0,14,0,0,0,1,0,55,6,3,7719
60911069,89,4,1,0,52949,7417.19,0.140082,6523.36,5438,47511,13800,2353,28685,10615,1697,536,10,0,0,34,26,0,0,0,10,0,0,0,1,0,9,4,0,9416
60911069,92,2,1,0,75409,5800.61,0.076922,4994.72,8113,67296,42166,20031,25063,10536,7832,552,10,0,0,25,19,0,0,0,10,0,0,0,1,0,17,5,3,25464
60911069,99,2,1,0,69784,4610.39,0.0660665,4125.06,4488,65296,43101,8945,32986,13686,3504,545,9,0,0,8,15,0,0,0,9,0,0,0,1,0,13,3,0,18327
60911069,127,2,1,0,197335,16324.7,0.0827257,15798.2,20354,176981,76427,12190,139944,41045,16040,666,16,0,0,42,35,0,2,2,12,0,1,1,1,4,31,10,3,3087
60911069,129,2,1,0,29285,4681.32,0.159854,4333.35,6237,23048,8706,2164,15008,5087,1057,554,9,0,0,16,13,0,0,0,9,0,0,0,1,0,1,7,2,887
60911069,138,2,1,0,94314,8521.11,0.0903483,7874.31,4101,90213,34779,9969,69598,37206,1803,365,12,0,0,28,24,0,0,0,12,0,0,0,1,0,9,7,1,9750
60911069,139,2,1,0,63088,7786.32,0.12342,5993.55,5327,57761,27281,12648,18002,3951,6395,465,12,0,0,25,19,0,0,0,12,0,0,0,1,0,11,4,0,24295
60911069,141,2,1,0,196666,12775.6,0.0649611,11896.3,7644,189022,65481,6024,148526,29591,7994,495,24,0,0,45,31,0,0,0,24,0,0,0,1,0,43,10,3,1598
60911069,143,4,1,0,15552,2844.38,0.182895,2033.32,5487,10065,3414,576,3696,741,769,553,7,0,0,10,10,0,0,0,7,0,0,0,1,0,1,4,0,1712
60911069,147,2,1,0,138400,16988.8,0.122752,16651.8,14320,124080,50815,8288,80405,10168,4560,486,30,0,0,57,74,0,0,0,30,0,0,0,1,0,20,10,18,4279
60911069,160,2,1,0,78280,8518.04,0.108815,7533.45,6048,72232,38769,7524,53852,17037,1630,514,15,0,0,30,31,0,0,0,15,0,0,0,1,0,19,9,2,4304
60911069,161,2,1,0,84512,9210.67,0.108987,8537.07,10345,74167,30608,9220,59394,27518,2505,449,11,0,0,32,16,0,0,0,11,0,0,0,1,0,10,5,1,4087
60911069,162,2,1,0,27569,3512.84,0.12742,2972.61,2296,25273,9541,3327,18011,7319,1321,593,7,0,0,14,11,0,0,0,7,0,0,0,1,0,3,1,0,1160
60911069,176,2,1,0,39480,6095.18,0.154386,5243.28,2759,36721,11349,1275,22572,8595,3050,425,11,0,0,16,20,0,0,0,11,0,0,0,1,0,10,6,1,2615
60911069,181,2,1,0,42627,5138.76,0.120552,4555.83,5379,37248,20239,15518,13049,4720,1586,497,11,0,0,23,18,0,0,0,11,0,0,0,1,0,3,3,2,16455
60911069,184,2,1,0,86447,8161.77,0.0944136,6817.43,5553,80894,36345,8631,37530,9512,6487,569,13,0,0,31,26,0,1,1,11,0,1,1,1,2,21,3,6,23502
60911069,186,2,1,0,42838,6846.65,0.159827,6414.83,10134,32704,10858,944,13538,4704,3024,224,11,0,0,20,14,0,0,0,11,0,0,0,1,0,6,7,8,6023
60911069,191,3,1,0,23114,6857.97,0.296702,6244.84,6380,16734,5353,865,10242,2895,880,489,8,0,0,19,21,0,0,0,8,0,0,0,1,0,3,4,0,1349
60911072,22,4,1,0,16638,3633.86,0.218407,1926.29,4145,12493,4392,704,5370,1255,1115,80,8,0,0,10,15,0,0,0,8,0,0,0,1,0,3,2,3,2194
60911072,32,4,1,0,26086,4255.41,0.16313,3681.06,6072,20014,9149,1071,9883,2550,1662,40,10,0,0,15,18,0,0,0,10,0,0,0,1,0,7,9,2,2551
60911072,45,3,1,0,32400,4678.17,0.144388,3082.26,2855,29545,11701,1715,17070,6055,1369,96,10,0,0,23,22,0,0,0,10,0,0,0,1,0,6,2,2,5624
60911072,46,4,1,0,23140,3766.83,0.162784,1476.96,4771,18369,8117,1120,11199,7088,1280,490,7,0,0,7,8,0,0,0,7,0,0,0,1,0,5,4,2,1049
60911072,54,4,1,0,30176,6802.69,0.225434,5857.09,13563,16613,7016,664,8512,1719,1369,527,9,0,0,25,11,0,0,0,9,0,0,0,1,0,3,1,2,824
60911072,58,3,1,0,20570,4837.67,0.235181,2089.95,3857,16713,6983,1905,9545,3237,1209,467,9,0,0,11,10,0,0,0,9,0,0,0,1,0,12,5,1,934
60911072,59,3,1,0,38521,6392.18,0.16594,5620.42,7066,31455,17064,6551,21029,7903,1147,491,8,0,0,10,19,0,0,0,8,0,0,0,1,0,8,2,3,4007
60911072,60,2,1,0,75183,6073.64,0.0807847,3930.74,4328,70855,55932,28470,23954,10023,1226,481,12,0,0,35,22,0,2,2,8,0,1,1,1,4,18,10,7,36854
60911072,61,4,1,0,21961,4890.16,0.222675,4449.13,5784,16177,7961,2371,8882,2454,985,32,12,0,0,17,11,0,0,0,12,0,0,0,1,0,7,6,1,807
60911072,67,4,1,0,22249,4598.83,0.206698,4239.39,4817,17432,6340,681,9910,3863,1082,452,8,0,0,16,8,0,1,1,6,0,1,1,1,2,2,5,4,1079
60911072,68,4,1,0,21031,4268.18,0.202947,3485.14,3143,17888,4267,337,9861,3604,1025,545,9,0,0,17,9,0,0,0,9,0,0,0,1,0,0,10,0,1455
60911072,76,2,1,0,77060,14141.9,0.183518,8669.5,3796,73264,30649,2551,52766,12040,3956,264,23,1,1,50,41,0,0,0,23,0,0,0,1,0,34,9,6,1008
60911072,89,4,1,0,24952,4474.9,0.17934,4101.84,6897,18055,9790,2874,9648,1886,1068,490,10,0,0,22,9,0,0,0,10,0,0,0,1,0,4,4,2,1007
60911072,92,3,1,0,28391,5075.15,0.178759,4530.34,2702,25689,12180,3615,15229,5135,2305,556,9,0,0,16,12,0,0,0,9,0,0,0,1,0,9,5,6,1048
60911072,99,2,1,0,30672,5532.53,0.180377,2291.76,6528,24144,13795,1892,13677,5743,2424,452,7,1,1,16,9,0,0,0,7,0,0,0,1,0,8,4,2,3158
60911072,127,2,1,0,33033,5257.27,0.159152,4220.04,12064,20969,8536,704,10013,1630,1154,673,11,0,0,18,12,0,0,0,11,0,0,0,1,0,4,7,4,1080
60911072,129,2,1,0,45809,7252.76,0.158326,5283.83,17944,27865,19127,3301,13050,7727,1041,64,10,0,0,20,14,0,0,0,10,0,0,0,1,0,16,6,5,8222
60911072,138,2,1,0,33681,5680.76,0.168664,4572.83,3184,30497,14322,2235,24389,7167,858,393,9,0,0,23,17,0,0,0,9,0,0,0,1,0,11,4,2,917
60911072,139,2,1,0,70467,10790.8,0.153133,10346.2,9859,60608,34042,11408,47937,29303,1010,361,13,1,1,33,30,0,1,8,4,0,1,1,1,9,35,9,4,3605
60911072,141,2,1,0,70216,11674.7,0.166268,10626,6752,63464,31124,2563,48941,21223,3138,56,11,0,0,28,23,0,0,0,11,0,0,0,1,0,32,5,8,2974
60911072,143,4,1,0,13640,3183.92,0.233425,1464.66,2407,11233,3354,628,5352,1093,811,601,7,0,0,5,8,0,0,0,7,0,0,0,1,0,3,3,2,853
60911072,147,2,1,0,147528,19391.9,0.131445,16485.8,13953,133575,72823,11049,105329,12414,1704,449,30,2,1,45,43,1,9,7,13,1,1,1,1,17,40,16,17,704
60911072,160,2,1,0,54929,10053.1,0.183021,2114.22,2896,52033,23799,9176,40824,16383,1322,496,12,1,1,33,23,0,1,4,7,0,1,1,1,5,8,6,6,856
60911072,161,2,1,0,117157,14939.5,0.127517,12400.8,13604,103553,49875,9484,85163,18510,1713,256,22,1,1,61,37,0,1,2,19,0,1,1,1,3,24,8,11,2688
60911072,162,2,1,0,38319,5778.6,0.150802,4866.93,4391,33928,14841,2543,20838,6504,3105,601,9,0,0,20,15,0,0,0,9,0,0,0,1,0,8,6,7,1942
60911072,176,2,1,0,54080,8542.17,0.157954,7695.22,4224,49856,25164,5794,35562,7966,2194,569,11,0,0,21,14,0,0,0,11,0,0,0,1,0,12,7,4,2999
60911072,181,3,1,0,38016,7451.84,0.196019,6043.95,2400,35616,16646,4742,25328,11808,1168,593,10,1,1,22,19,0,1,2,7,0,1,1,1,3,10,4,5,2039
60911072,184,2,1,0,70181,7982.63,0.113744,7545.27,5863,64318,34795,2851,47879,15350,3809,490,12,2,1,32,26,1,1,1,9,1,1,1,1,3,28,11,8,2231
60911072,186,3,1,0,29419,7520.84,0.255646,5409.37,7251,22168,10110,3499,12387,3437,1377,433,12,0,0,23,16,0,3,3,6,0,1,1,1,6,6,9,7,1023
60911072,191,4,1,0,43455,7538.24,0.173472,6070.1,14719,28736,12981,1392,22142,12022,1113,577,8,0,0,33,25,0,0,0,8,0,0,0,1,0,9,1,1,967
90910001,22,4,1,0,12648,3631.6,0.287129,2566.38,1721,10927,2538,497,4745,895,911,506,7,0,0,10,9,0,0,0,7,0,0,0,1,0,0,2,2,1080
90910001,32,4,1,0,24247,6008.45,0.247802,4913.42,2775,21472,5894,910,13474,8783,1016,457,8,0,0,22,7,0,0,0,8,0,0,0,1,0,6,6,2,2111
90910001,45,3,1,0,50710,8384.04,0.165333,5722.38,5675,45035,10921,1952,24872,12919,1769,529,10,0,0,33,16,0,0,0,10,0,0,0,1,0,4,5,3,10513
90910001,46,3,1,0,50908,6041.26,0.11867,5499.12,14371,36537,16169,5963,30287,24449,1088,520,7,0,0,23,14,0,0,0,7,0,0,0,1,0,11,2,1,975
90910001,54,4,1,0,43296,8023.56,0.185319,7468.64,19931,23365,16686,6769,11594,3311,1448,482,12,0,0,29,22,0,0,0,12,0,0,0,1,0,5,8,8,1119
90910001,58,2,1,0,56560,11794,0.208521,9908.09,3372,53188,17515,4202,35191,13280,2904,520,13,0,0,30,21,0,4,4,5,0,1,1,1,8,5,4,3,5048
90910001,59,3,1,0,28233,6628.38,0.234774,4269.6,5210,23023,6712,1228,11441,3888,1024,370,9,0,0,23,17,0,0,0,9,0,0,0,1,0,1,4,2,5712
90910001,60,4,1,0,37090,7183.03,0.193665,6215.46,2361,34729,7878,2666,22604,7431,1552,384,14,0,0,21,16,0,0,0,14,0,0,0,1,0,4,9,2,2727
90910001,61,2,1,0,66304,13000.7,0.196077,11861.4,10735,55569,16397,1793,35150,11367,3705,411,19,0,0,36,34,0,5,5,9,0,1,1,1,10,7,12,11,3471
90910001,67,4,1,0,11735,2932.85,0.249923,2440.3,2822,8913,1503,319,4022,1016,697,369,7,0,0,14,6,0,0,0,7,0,0,0,1,0,0,1,0,823
90910001,68,3,1,0,32613,5136.87,0.15751,4155.89,4083,28530,10489,2409,9557,2815,3298,537,9,0,0,9,12,0,0,0,9,0,0,0,1,0,11,7,2,7370
90910001,76,2,1,0,94912,13970.8,0.147197,13470.1,19128,75784,30630,5160,57158,12457,3657,369,17,0,0,40,29,0,3,3,11,0,1,1,1,6,21,10,10,951
90910001,89,4,1,0,26345,6516.38,0.247348,5789.54,11120,15225,5144,1712,6993,1255,1489,450,10,0,0,23,21,0,0,0,10,0,0,0,1,0,6,3,9,775
90910001,92,4,1,0,27353,7520.07,0.274927,5072.55,3170,24183,5616,952,12534,4047,1657,369,12,0,0,25,18,0,0,0,12,0,0,0,1,0,3,3,3,1952
90910001,99,3,1,0,39530,7245.3,0.183286,5265.56,6968,32562,10603,1792,12651,4872,3169,377,10,0,0,18,14,0,0,0,10,0,0,0,1,0,7,8,2,10176
90910001,127,3,1,0,52459,8694.71,0.165743,6460.08,9505,42954,14806,2550,29302,22502,2002,434,12,0,0,26,17,0,0,0,12,0,0,0,1,0,6,3,2,2489
90910001,129,3,1,0,27940,5191.59,0.185812,4302.24,4411,23529,9824,1853,8006,2199,858,522,9,0,0,16,13,0,0,0,9,0,0,0,1,0,7,6,1,9447
90910001,138,3,1,0,27801,5482.89,0.197219,4306.74,3192,24609,3795,785,17142,6721,921,385,9,0,0,18,13,0,0,0,9,0,0,0,1,0,1,2,3,1919
90910001,139,2,1,0,85954,15073.8,0.17537,11554.9,4945,81009,25167,8752,66155,25662,2528,385,17,0,0,43,27,0,5,5,7,0,1,1,1,10,7,9,7,1449
90910001,141,2,1,0,79002,9918.19,0.125543,9425.15,9623,69379,34659,10112,58332,22479,2024,640,11,0,0,33,17,0,2,2,7,0,1,1,1,4,18,4,8,1055
90910001,143,4,1,0,11801,2834.16,0.240163,2309.61,2584,9217,2631,367,3599,783,1200,468,7,0,0,10,8,0,0,0,7,0,0,0,1,0,0,1,0,1192
90910001,147,2,1,0,99009,15991.4,0.161515,15149.1,27120,71889,35421,5838,46544,10984,4338,559,18,0,0,40,37,1,6,6,5,1,1,1,1,13,21,12,8,6422
90910001,160,2,1,0,63956,9186.94,0.143645,6506.99,3932,60024,21077,3080,42901,13214,2017,529,11,0,0,22,20,0,0,0,11,0,0,0,1,0,21,5,1,7503
90910001,161,2,1,0,189415,24979.9,0.131879,21422.4,12937,176478,40446,2733,133250,32813,3346,362,29,0,0,99,54,0,3,3,23,0,1,1,1,6,21,18,15,7958
90910001,162,4,1,0,16688,3632.65,0.217681,3075.29,2389,14299,5999,2960,9749,6408,600,417,7,0,0,15,11,0,0,0,7,0,0,0,1,0,1,3,0,1088
90910001,176,4,1,0,33585,6942.99,0.206729,5916.81,2049,31536,6703,1193,19089,8079,1641,370,10,0,0,27,24,0,0,0,10,0,0,0,1,0,3,6,2,4743
90910001,181,2,1,0,43263,7296.68,0.168659,5371.19,3061,40202,15061,2353,16270,4096,4953,514,13,0,0,20,14,0,0,0,13,0,0,0,1,0,7,7,6,8022
90910001,184,3,1,0,47542,7175.54,0.150931,4668.45,4431,43111,12896,3993,29924,20398,1505,379,9,0,0,31,25,0,0,0,9,0,0,0,1,0,11,3,2,5431
90910001,186,2,1,0,58609,9998.3,0.170593,8311.34,10705,47904,12606,3111,30584,17367,4040,586,11,0,0,26,19,0,0,0,11,0,0,0,1,0,6,5,6,4128
90910001,191,4,1,0,30977,5238.18,0.169099,3754.08,3216,27761,10025,2593,14137,8904,4193,440,8,0,0,19,11,0,0,0,8,0,0,0,1,0,7,4,5,3016
90910004,22,4,1,0,14320,3722.5,0.259951,3226.93,1456,12864,2888,653,7611,2479,664,408,7,0,0,15,12,0,0,0,7,0,0,0,1,0,1,1,0,1600
90910004,32,4,1,0,17979,4200.29,0.233622,2713.41,3731,14248,4066,651,8660,3080,808,409,8,0,0,11,13,0,0,0,8,0,0,0,1,0,3,3,2,1351
90910004,45,3,1,0,22104,4973.99,0.225027,3065.21,4600,17504,5736,848,8717,3207,746,386,9,0,0,15,19,0,0,0,9,0,0,0,1,0,3,4,1,3774
90910004,46,4,1,0,37110,7994.05,0.215415,7124.02,3102,34008,6423,833,21041,6767,4264,184,11,0,0,27,31,0,0,0,11,0,0,0,1,0,3,6,3,1335
90910004,54,3,1,0,25207,6199.14,0.245929,3510.82,8497,16710,5634,2033,9668,2943,1026,377,9,0,0,20,13,0,0,0,9,0,0,0,1,0,1,2,0,2312
90910004,58,4,1,0,41295,8019.31,0.194196,7306.7,3783,37512,10414,1344,29467,11015,1394,336,10,0,0,30,31,0,0,0,10,0,0,0,1,0,5,4,1,1168
90910004,59,4,1,0,16025,4412.94,0.275378,3966.61,5938,10087,2022,888,6827,3559,410,281,7,0,0,13,15,0,0,0,7,0,0,0,1,0,1,3,0,799
90910004,60,4,1,0,20128,3588.46,0.178282,2740.37,1168,18960,3554,743,14211,5575,1001,274,8,0,0,18,13,0,0,0,8,0,0,0,1,0,2,4,2,782
90910004,61,3,1,0,49343,7943.23,0.16098,6011.94,6463,42880,16551,7152,26523,5313,1073,303,16,0,0,32,27,0,0,0,16,0,0,0,1,0,5,6,5,9623
90910004,67,3,1,0,31395,6984.86,0.222483,6467.85,11138,20257,6745,1112,12038,3296,1384,400,10,0,0,25,29,0,3,3,4,0,1,1,1,6,2,1,2,1320
90910004,68,4,1,0,19825,5364.13,0.270574,4596.14,3713,16112,2702,375,10000,2199,713,404,9,0,0,20,17,0,0,0,9,0,0,0,1,0,0,5,0,1189
90910004,76,2,1,0,70180,11039.9,0.157308,10562,5332,64848,20960,4456,52086,15745,2233,118,14,2,1,34,31,0,0,0,14,0,0,0,1,0,12,9,5,1439
90910004,89,3,1,0,34390,7247.76,0.210752,6896.71,5990,28400,9375,2334,21125,8366,899,344,12,0,0,24,22,0,0,0,12,0,0,0,1,0,2,3,2,767
90910004,92,4,1,0,50008,9635.15,0.192672,8403.66,10345,39663,17578,7832,25453,4518,2537,327,16,0,0,38,38,0,0,0,16,0,0,0,1,0,4,11,4,952
90910004,99,4,1,0,26181,4892.57,0.186875,4521.48,4917,21264,7552,1385,16406,9711,514,362,8,0,0,16,14,0,0,0,8,0,0,0,1,0,4,3,0,1511
90910004,127,2,1,0,84236,15774,0.187259,14629.6,20661,63575,20875,2040,37896,8207,3112,418,18,0,0,41,40,0,0,0,18,0,0,0,1,0,8,16,15,3757
90910004,129,3,1,0,28095,5486.12,0.19527,4642.11,5325,22770,9170,2992,16574,7588,658,394,9,0,0,14,15,0,0,0,9,0,0,0,1,0,3,5,0,1424
90910004,138,2,1,0,40334,6085.85,0.150886,5401.41,2302,38032,18373,11024,29352,15248,1394,360,9,0,0,21,18,0,0,0,9,0,0,0,1,0,4,8,0,3350
90910004,139,2,1,0,40096,7551.25,0.188329,7181.48,4272,35824,14488,7092,21214,3653,1114,113,15,0,0,34,30,0,0,0,15,0,0,0,1,0,4,8,2,7781
90910004,141,2,1,0,61049,9376.15,0.153584,8864.5,8505,52544,20941,3405,39548,10358,1857,312,19,0,0,39,38,0,0,0,19,0,0,0,1,0,11,4,6,1055
90910004,143,4,1,0,15744,3516.21,0.223336,3083.09,1807,13937,1932,376,9360,4046,657,394,7,0,0,13,12,0,0,0,7,0,0,0,1,0,0,2,0,1047
90910004,147,4,1,0,35986,6047.08,0.16804,5209.6,11481,24505,7782,2408,17057,6391,1411,313,11,0,0,21,24,0,0,0,11,0,0,0,1,0,5,3,1,1750
90910004,160,3,1,0,114579,11147.5,0.0972911,10754.4,4158,110421,29168,4836,78779,54928,11906,409,13,0,0,27,32,0,0,0,13,0,0,0,1,0,14,10,7,1304
90910004,161,3,1,0,134867,18195.9,0.134918,16341.7,3652,131215,35842,8547,107903,25477,1130,104,27,1,1,47,73,1,2,7,17,1,1,1,1,10,13,7,8,7055
90910004,162,4,1,0,15956,4044.26,0.253463,2573.24,2460,13496,4237,1256,6897,2504,466,320,7,0,0,14,17,0,0,0,7,0,0,0,1,0,1,2,0,3847
90910004,176,4,1,0,27543,5227.61,0.189798,4695.02,2502,25041,6778,1669,15591,3391,2969,337,9,0,0,19,12,0,0,0,9,0,0,0,1,0,2,5,3,1447
90910004,181,3,1,0,43200,6300.52,0.145845,3029.62,1560,41640,11785,2088,34519,10487,1056,346,10,0,0,28,24,0,0,0,10,0,0,0,1,0,8,6,0,1695
90910004,184,2,1,0,64907,6077.86,0.0936395,4385.68,3035,61872,21189,8504,43057,25991,2147,433,9,0,0,21,15,0,0,0,9,0,0,0,1,0,8,4,3,9919
90910004,186,3,1,0,67316,9445.44,0.140315,8148.79,3788,63528,17434,2198,41514,8984,2857,199,17,0,0,33,36,0,0,0,17,0,0,0,1,0,9,9,9,3903
90910004,191,4,1,0,20349,5393.04,0.265027,3199.55,4804,15545,4334,473,7575,1727,713,473,8,0,0,19,13,0,0,0,8,0,0,0,1,0,0,4,0,3560
90910033,22,4,1,0,12118,3977.02,0.328191,2849.27,2158,9960,2697,453,4629,1496,706,416,7,0,0,14,6,0,0,0,7,0,0,0,1,0,0,1,1,1735
90910033,32,4,1,0,19852,3714.52,0.187111,3243.58,3766,16086,4590,520,10536,4088,665,504,8,0,0,12,9,0,0,0,8,0,0,0,1,0,1,3,0,1072
90910033,45,4,1,0,26840,3838.72,0.143022,3509.87,4311,22529,12522,3645,12562,3912,993,546,9,0,0,11,8,0,0,0,9,0,0,0,1,0,5,4,1,4271
90910033,46,4,1,0,23936,4827.01,0.201663,3516.86,8127,15809,8498,1414,8876,2559,1129,529,7,0,0,13,5,0,0,0,7,0,0,0,1,0,7,1,0,1696
90910033,54,4,1,0,48390,7461.87,0.154203,7050.7,13049,35341,18867,2750,19955,4343,2320,466,12,0,0,19,19,0,0,0,12,0,0,0,1,0,13,8,6,1688
90910033,58,4,1,0,39040,6854.1,0.175566,6230.03,2240,36800,13107,2936,18346,5080,4642,250,10,0,0,17,17,0,0,0,10,0,0,0,1,0,6,5,1,7599
90910033,59,4,1,0,28143,4191.42,0.148933,3553.5,8182,19961,10079,1478,11965,6992,993,88,9,0,0,12,10,0,0,0,9,0,0,0,1,0,10,1,1,4345
90910033,60,4,1,0,26560,5428.11,0.204372,5110.82,4152,22408,8834,3634,12554,3360,1275,225,8,0,0,21,14,0,0,0,8,0,0,0,1,0,6,4,0,4951
90910033,61,4,1,0,35574,7029.94,0.197615,4192.88,3429,32145,11079,1017,25484,6935,712,213,11,2,1,20,25,0,1,1,9,0,1,1,1,2,4,3,1,1431
90910033,67,4,1,0,13482,3923.44,0.291013,3432.99,5409,8073,3851,656,3440,808,737,385,7,0,0,14,13,0,0,0,7,0,0,0,1,0,1,0,4,952
90910033,68,4,1,0,36388,5739.95,0.157743,5007.02,4820,31568,12226,2053,18461,7319,2210,80,12,0,0,25,20,0,0,0,12,0,0,0,1,0,9,5,3,3183
90910033,76,2,1,0,74150,6774.99,0.0913687,6138.4,6623,67527,39363,10672,60264,37302,1258,338,8,0,0,19,21,0,0,0,8,0,0,0,1,0,25,5,0,1814
90910033,89,4,1,0,108611,10974.4,0.101043,9540.99,7581,101030,43581,10376,65745,20870,11234,432,13,0,0,32,24,0,0,0,13,0,0,0,1,0,20,9,3,12816
90910033,92,4,1,0,47570,5520.84,0.116057,5166.06,6033,41537,20668,5365,30361,13224,762,319,9,0,0,18,16,0,0,0,9,0,0,0,1,0,13,4,0,6304
90910033,99,4,1,0,65110,5122.41,0.0786732,3905.61,2669,62441,29007,13848,32489,17911,1538,392,9,0,0,19,12,0,0,0,9,0,0,0,1,0,14,2,0,23664
90910033,127,4,1,0,51726,7400.34,0.143068,7005.28,9743,41983,15170,1766,28977,7119,2225,376,11,0,0,20,19,0,0,0,11,0,0,0,1,0,5,8,3,3496
90910033,129,4,1,0,35801,4707.28,0.131485,4323.37,7119,28682,14682,3260,16653,7759,968,103,11,1,1,12,18,0,0,0,11,0,0,0,1,0,9,4,2,6802
90910033,138,3,1,0,40704,5305.05,0.130332,4513.29,3216,37488,12085,2878,22437,6654,1603,226,9,0,0,13,12,0,0,0,9,0,0,0,1,0,6,7,2,9085
90910033,139,3,1,0,116549,8903.9,0.0763962,7576.72,4854,111695,67116,15532,78862,22941,11100,354,15,0,0,23,28,0,0,0,15,0,0,0,1,0,24,8,2,1949
90910033,141,4,1,0,51548,5775.74,0.112046,3107.01,5580,45968,19320,6042,21267,5582,6042,465,10,0,0,16,14,0,0,0,10,0,0,0,1,0,8,4,1,13102
90910033,143,4,1,0,17959,3814.15,0.212381,3158.63,3319,14640,3488,342,5264,1552,976,257,8,0,0,12,11,0,0,0,8,0,0,0,1,0,0,5,1,5687
90910033,147,4,1,0,63511,8758.94,0.137912,7382.18,21184,42327,21370,3430,20967,10912,760,258,10,0,0,27,22,0,0,0,10,0,0,0,1,0,12,5,0,17007
90910033,160,2,1,0,74875,8703.23,0.116237,7720.85,4578,70297,45684,9242,40414,9655,10290,218,14,0,0,24,19,0,0,0,14,0,0,0,1,0,16,9,5,1137
90910033,161,3,1,0,125748,12688.9,0.100907,11909.9,24763,100985,70035,22101,69423,22750,6977,361,16,2,1,30,28,0,1,1,14,0,1,1,1,2,39,8,5,3056
90910033,162,4,1,0,41921,6955.77,0.165926,6402.55,3033,38888,20992,3169,27860,12008,1762,344,9,1,1,21,17,0,1,2,6,0,1,1,1,3,16,7,1,3583
90910033,176,4,1,0,34605,5377.99,0.155411,5042.12,8085,26520,14783,5070,17042,9351,769,305,9,0,0,18,12,0,0,0,9,0,0,0,1,0,4,6,2,5167
90910033,181,4,1,0,48065,5348.22,0.111271,4858.27,6549,41516,16863,2507,26193,6128,6178,378,9,0,0,19,11,0,0,0,9,0,0,0,1,0,9,6,2,4235
90910033,184,4,1,0,27535,6078.57,0.220758,3208.83,3087,24448,8516,997,14933,4615,919,330,9,0,0,17,20,0,0,0,9,0,0,0,1,0,6,3,4,4297
90910033,186,4,1,0,89691,9605.07,0.107091,8261.84,6763,82928,41244,12400,71722,31063,2250,256,12,1,1,26,15,0,1,2,9,0,1,1,1,3,33,8,5,695
90910033,191,4,1,0,22669,4025.22,0.177565,3621.7,3581,19088,5845,1742,9468,2552,1161,489,8,0,0,13,8,0,0,0,8,0,0,0,1,0,3,5,0,4023
90910034,22,4,1,0,14133,3546.91,0.250967,2425.42,1717,12416,3178,573,4697,1159,1057,585,7,0,0,9,8,0,0,0,7,0,0,0,1,0,1,1,2,2169
90910034,32,4,1,0,17639,4289.3,0.243171,3708.28,3094,14545,3780,537,7235,2071,1552,569,8,0,0,12,10,0,0,0,8,0,0,0,1,0,2,6,4,1160
90910034,45,3,1,0,38736,5846.37,0.150929,4831.86,4744,33992,17294,3693,24838,13382,1353,506,9,0,0,23,16,0,0,0,9,0,0,0,1,0,10,2,1,1551
90910034,46,3,1,0,37457,6468.38,0.172688,5390.1,10337,27120,19501,7815,15168,3784,1488,560,10,0,0,12,14,0,3,3,4,0,1,1,1,6,5,7,8,1759
90910034,54,4,1,0,34672,6259.17,0.180525,5130.45,9586,25086,8249,1055,11028,2984,1526,409,10,0,0,17,13,0,0,0,10,0,0,0,1,0,3,4,7,5231
90910034,58,2,1,0,62581,6623.21,0.105834,5566.34,3725,58856,8739,1478,44817,26031,3329,273,9,0,0,21,18,0,0,0,9,0,0,0,1,0,6,5,3,1631
90910034,59,2,1,0,53553,6337.09,0.118333,4688.33,7267,46286,23460,13047,33281,13552,2328,424,12,0,0,23,20,0,0,0,12,0,0,0,1,0,7,4,6,1273
90910034,60,2,1,0,46104,5692.89,0.123479,4680.68,6008,40096,26234,10798,14673,2263,2977,191,16,0,0,17,17,0,0,0,16,0,0,0,1,0,9,7,6,12391
90910034,61,4,1,0,19632,4150.42,0.211411,3747.45,7184,12448,2767,735,6158,1560,936,439,9,0,0,13,12,0,0,0,9,0,0,0,1,0,1,5,2,733
90910034,67,4,1,0,18627,3721.02,0.199765,2618.79,6450,12177,3614,1173,4233,1367,1065,402,7,0,0,14,9,0,0,0,7,0,0,0,1,0,1,2,5,2791
90910034,68,3,1,0,52678,7144.05,0.135617,6738.59,3872,48806,23548,5518,31453,16366,2586,777,11,0,0,19,14,0,0,0,11,0,0,0,1,0,9,7,6,4479
90910034,76,2,1,0,46104,5367.18,0.116415,4934.56,13209,32895,18998,2799,17078,6199,4202,465,10,0,0,15,18,0,1,1,8,0,1,1,1,2,15,4,5,1287
90910034,89,3,1,0,53866,7934,0.147291,4373.16,6930,46936,18340,4144,35178,18277,1738,419,11,0,0,21,20,0,1,1,9,0,1,1,1,2,10,7,9,1975
90910034,92,2,1,0,89846,9807.71,0.109161,8232.53,6225,83621,28728,8695,63502,19925,3639,345,12,0,0,25,22,0,0,0,12,0,0,0,1,0,15,8,7,6240
90910034,99,2,1,0,138045,6207.12,0.0449644,5760.41,9159,128886,15610,4735,113642,80815,5578,553,11,0,0,20,12,0,2,2,7,0,1,1,1,4,5,6,9,1047
90910034,127,3,1,0,61162,8082.96,0.132157,7151.12,23097,38065,28664,13218,16640,3703,3361,410,15,0,0,24,22,0,1,1,13,0,1,1,1,2,13,7,6,8552
90910034,129,3,1,0,33659,5991.5,0.178006,3389.75,4785,28874,12610,3167,12959,4263,1912,489,9,0,0,18,18,0,0,0,9,0,0,0,1,0,8,5,1,7776
90910034,138,3,1,0,40534,7961.04,0.196404,6930.48,5550,34984,9881,2268,22945,7624,3080,425,11,0,0,20,16,0,1,1,9,0,1,1,1,2,5,4,2,2055
90910034,139,2,1,0,76461,10987.4,0.143699,10652.5,10541,65920,26997,5687,32393,12048,13320,354,18,0,0,32,24,0,3,3,12,0,1,1,1,6,10,9,8,878
90910034,141,3,1,0,39080,6398.84,0.163737,4535.38,11217,27863,13695,5743,12169,2567,1768,521,10,0,0,18,19,0,0,0,10,0,0,0,1,0,10,7,6,4551
90910034,143,3,1,0,32055,8288.53,0.258572,6878.87,2087,29968,7197,693,16003,4903,2000,385,12,1,1,25,20,0,1,3,8,0,1,1,1,4,4,5,6,4031
90910034,147,3,1,0,90586,8858.67,0.0977929,8464.58,27763,62823,31707,8096,49097,25743,2689,336,13,2,1,29,20,0,2,9,2,0,1,1,1,11,13,3,9,1078
90910034,160,2,1,0,85145,13409.5,0.15749,11480.3,8083,77062,20732,3002,55598,18576,2321,97,21,0,0,39,32,0,6,6,9,0,1,1,1,12,10,14,15,3977
90910034,161,2,1,0,111867,23711.3,0.21196,22541.4,9747,102120,34406,3543,80416,20311,1856,393,23,0,0,54,66,1,6,6,10,1,1,1,1,13,22,15,9,1487
90910034,162,4,1,0,12969,3166.67,0.244172,2561.32,4385,8584,2290,712,3256,889,1424,410,7,0,0,12,10,0,0,0,7,0,0,0,1,0,1,1,1,919
90910034,176,3,1,0,31833,6101.96,0.191687,4729.41,3256,28577,8013,1752,15903,7631,2640,345,10,0,0,20,13,0,0,0,10,0,0,0,1,0,3,7,5,4367
90910034,181,2,1,0,73824,12223.7,0.165579,11582.4,4304,69520,27579,3822,40084,11815,8976,104,18,7,1,33,33,6,3,1,8,1,1,1,1,10,10,9,11,1199
90910034,184,2,1,0,99220,14238.1,0.1435,12130.3,3389,95831,38998,6810,56996,28719,4327,578,15,0,0,45,34,1,4,4,6,1,1,1,1,9,26,9,10,20583
90910034,186,2,1,0,64850,8828.16,0.136132,6002.78,8371,56479,24767,7503,26107,15736,4745,538,9,0,0,21,18,0,0,0,9,0,0,0,1,0,5,3,8,19630
90910034,191,4,1,0,31943,6785.94,0.212439,6324.44,6161,25782,9748,1396,14502,6478,1369,488,11,0,0,14,18,0,3,3,5,0,1,1,1,6,9,4,7,1639
90910038,22,4,1,0,14554,3734.22,0.256577,1284.9,2150,12404,2471,904,5482,1618,793,380,7,0,0,13,12,0,0,0,7,0,0,0,1,0,2,0,0,3575
90910038,32,4,1,0,18634,3953.2,0.21215,1945.65,814,17820,4355,726,8911,2089,788,291,9,0,0,12,9,0,0,0,9,0,0,0,1,0,1,2,0,3627
90910038,45,3,1,0,36262,6098.76,0.168186,2867.27,2302,33960,16788,3599,23112,7721,1197,469,10,1,1,20,17,0,1,2,7,0,1,1,1,3,20,4,1,3689
90910038,46,4,1,0,18636,4664.15,0.250277,666.762,7204,11432,5643,1500,4913,1292,800,432,7,0,0,11,12,0,0,0,7,0,0,0,1,0,3,4,0,2541
90910038,54,3,1,0,39799,7259.93,0.182415,4552.62,3893,35906,10409,4017,23360,4867,1193,59,13,1,1,33,27,0,1,5,7,0,1,1,1,6,28,3,2,3940
90910038,58,3,1,0,27760,5732.61,0.206506,4095.79,2713,25047,7549,932,14571,5555,981,361,10,0,0,16,12,0,0,0,10,0,0,0,1,0,4,4,0,3598
90910038,59,3,1,0,61265,6632.44,0.108258,6177.97,5293,55972,29515,2956,38681,8701,3323,67,18,2,1,34,18,0,0,0,18,0,0,0,1,0,26,10,2,1743
90910038,60,2,1,0,94811,10892.8,0.11489,8063.8,3027,91784,47262,8250,67498,20093,4340,498,15,3,1,35,27,6,1,5,3,1,1,1,1,12,45,8,6,885
90910038,61,4,1,0,21292,4621,0.21703,2227.5,4878,16414,4598,976,7791,2192,786,55,10,0,0,19,9,0,0,0,10,0,0,0,1,0,2,2,0,4130
90910038,67,4,1,0,17062,2562.39,0.150181,1570.12,5471,11591,8176,3149,4649,880,836,52,8,0,0,13,5,0,0,0,8,0,0,0,1,0,8,2,3,2524
90910038,68,4,1,0,22313,5146.05,0.23063,1803.06,3761,18552,5713,1119,8971,3395,841,384,9,0,0,13,10,0,0,0,9,0,0,0,1,0,3,7,2,4053
90910038,76,3,1,0,46440,5947.47,0.128068,4895.23,2485,43955,19252,3067,28863,8185,3252,566,9,0,0,17,12,0,1,1,7,0,1,1,1,2,26,5,3,4951
90910038,89,4,1,0,30419,6038.1,0.198498,3677.78,4729,25690,8116,906,10483,2662,880,413,10,0,0,18,16,0,0,0,10,0,0,0,1,0,6,5,0,8927
90910038,92,3,1,0,39729,5171.56,0.130171,3325.64,5124,34605,15827,2020,23944,6849,1112,553,9,0,0,18,17,0,0,0,9,0,0,0,1,0,16,2,0,3949
90910038,99,4,1,0,23169,4144.5,0.178881,1581.2,5188,17981,7167,1866,7453,1353,1102,393,8,0,0,12,5,0,0,0,8,0,0,0,1,0,5,3,0,5024
90910038,127,2,1,0,65884,15046.4,0.228378,13533.5,9995,55889,22692,3192,37543,8931,1860,602,15,1,1,41,26,3,1,10,1,1,1,1,1,14,24,7,2,2358
90910038,129,4,1,0,37895,9229.77,0.243562,7628.95,5051,32844,9622,1202,13470,2232,1844,466,11,2,1,23,21,0,2,9,0,0,1,1,0,11,5,6,1,8263
90910038,138,3,1,0,21772,4371.91,0.200804,2110.7,2916,18856,4638,870,9816,3483,1347,389,9,0,0,13,9,0,0,0,9,0,0,0,1,0,4,5,0,3130
90910038,139,3,1,0,56999,8354.81,0.146578,2688.51,3579,53420,18843,3198,44378,24822,1345,437,12,0,0,30,17,0,0,0,12,0,0,0,1,0,14,6,0,868
90910038,141,3,1,0,59145,10839.7,0.183274,8633.36,5504,53641,19735,1941,28420,4543,4285,653,14,3,1,26,29,2,3,9,0,1,1,1,0,14,10,8,3,5323
90910038,143,4,1,0,11898,2798.99,0.235249,2267.97,1958,9940,2443,311,4296,1362,1040,387,7,0,0,9,8,0,0,0,7,0,0,0,1,0,0,1,0,1161
90910038,147,2,1,0,278482,29707.6,0.106677,28223.5,7889,270593,137312,7433,214591,84193,5676,521,25,1,1,85,70,7,8,10,0,1,1,1,0,25,161,12,14,20132
90910038,160,3,1,0,37965,6921.13,0.182303,5536.75,3893,34072,14160,2413,23167,6968,1270,472,12,1,1,21,14,0,1,8,3,0,1,1,1,9,8,5,1,910
90910038,161,3,1,0,62049,7618.16,0.122777,6480.65,5670,56379,22608,3660,45682,22042,1958,440,11,0,0,18,13,0,0,0,11,0,0,0,1,0,22,6,0,1588
90910038,162,4,1,0,15299,3485.21,0.227807,2283.25,2721,12578,5968,2584,6891,3079,534,346,7,0,0,11,6,0,0,0,7,0,0,0,1,0,5,3,0,2560
90910038,176,4,1,0,19291,4254.44,0.22054,3470.8,814,18477,5280,1046,11956,5215,828,399,9,0,0,13,13,0,0,0,9,0,0,0,1,0,4,2,0,877
90910038,181,4,1,0,28832,4912.3,0.170377,3598.99,1948,26884,5771,640,13996,7305,1277,439,9,0,0,18,9,0,0,0,9,0,0,0,1,0,2,3,0,6343
90910038,184,3,1,0,42197,5406.7,0.12813,3785.02,3529,38668,16528,1806,20439,4902,2292,639,9,0,0,20,11,0,0,0,9,0,0,0,1,0,15,7,1,8675
90910038,186,3,1,0,51796,7555.35,0.145867,5880.85,4291,47505,18004,2214,25080,9224,3194,519,10,0,0,27,17,0,0,0,10,0,0,0,1,0,18,7,0,11125
90910038,191,3,1,0,59584,11873.5,0.199273,7225.31,10083,49501,14486,2083,29799,10179,3107,555,14,2,1,46,32,3,2,8,1,1,1,1,1,13,6,8,7,4340
